user,file_type,file_format,data_tier,application,data_stream,run_type,file_count,total_file_size_GB,total_event_count,detector.hv_value,artdaq-core.timestamp,artdaq-core.version,artdaq.timestamp,artdaq.version,dune-artdaq.timestamp,dune-artdaq.version,dune-raw-data.timestamp,dune-raw-data.version,dataset.tag,DUNE.campaign,DUNE.poms_campaign_id,DUNE.production_status,DUNE_MC.detector_type,DUNE_MC.electron_lifetime,DUNE_MC.with_cosmics,MC.with_cosmics,detector.hv_status,DUNE.requestid,DUNE.generators,DUNE_MC.beam_flux_ID,DUNE_MC.geometry_version,DUNE_MC.name,DUNE_MC.neutrino_flavors,DUNE_MC.TopVolume,LBNF_MC.HornCurrent,NearDetector_MC.OffAxisPosition,beam.momentum,beam.polarity,DUNE_MC.beam_energy,DUNE_MC.liquid_flow,DUNE_MC.space_charge,MC.liquid_flow,MC.space_charge,data_quality.online_good_run_list,DUNE_MC.generators,art.variation,DUNE.fcl_name,DUNE.fcl_path,DUNE.fcl_version_tag,info.cpusec,info.memory,info.physicsgroup,info.wallsec
dunepro,detector,artroot,full-reconstructed,"{'family': 'art', 'name': 'reco', 'version': 'v07_08_00_04'}",cosmics,protodune-sp,23312,217207,2674177,,,,,,,,,,,,,,,,,,,,,,,,,,,,,,,,,,,,,,,,,,,,
dunepro,detector,artroot,full-reconstructed,"{'family': 'art', 'name': 'reco', 'version': 'v07_08_00_04'}",test,protodune-sp,10039,129956,2859655,,,,,,,,,,,,,,,,,,,,,,,,,,,,,,,,,,,,,,,,,,,,
dunepro,detector,artroot,full-reconstructed,"{'family': 'art', 'name': 'reco', 'version': 'v07_08_00_04'}",test,protodune-sp,4205,77154,885392,180,,,,,,,,,,,,,,,,,,,,,,,,,,,,,,,,,,,,,,,,,,,
dunepro,detector,artroot,full-reconstructed,"{'family': 'art', 'name': 'reco', 'version': 'v07_08_00_04'}",cosmics,protodune-sp,4352,76056,590438,180,,,,,,,,,,,,,,,,,,,,,,,,,,,,,,,,,,,,,,,,,,,
dunepro,detector,artroot,full-reconstructed,"{'family': 'art', 'name': 'reco', 'version': 'v07_08_00_04'}",noise,protodune-sp,563,10004,75456,180,,,,,,,,,,,,,,,,,,,,,,,,,,,,,,,,,,,,,,,,,,,
dunepro,mc,artroot,full-reconstructed,"{'family': 'art', 'name': 'reco', 'version': 'v07_08_00_04'}",out1,physics,5,11,50,,,,,,,,,,,,,,,,,,,,,,,,,,,,,,,,,,,,,,,,,,,,
dunepro,detector,artroot,full-reconstructed,"{'family': 'art', 'name': 'reco', 'version': 'v07_08_00_04'}",physics,protodune-sp,43744,763992,5764708,180,,,,,,,,,,,,,,,,,,,,,,,,,,,,,,,,,,,,,,,,,,,
dunepro,detector,unknown,raw,"{'family': 'art', 'name': 'dune-artdaq', 'version': 'v1_16_00b'}",test,protodune-sp,80785,359456,13054022,,12-Nov-2018-13:38:24-UTC,v3_04_02,12-Nov-2018-13:38:28-UTC,v3_03_00_gamma,12-Nov-2018-13:38:15-UTC,v1_16_00b,12-Nov-2018-13:38:13-UTC,v1_17_06a,,,,,,,,,,,,,,,,,,,,,,,,,,,,,,,,,,,
dunepro,detector,unknown,raw,"{'family': 'art', 'name': 'dune-artdaq', 'version': 'v1_16_00b'}",test,protodune-sp,701,5257,108435,0,12-Nov-2018-13:38:24-UTC,v3_04_02,12-Nov-2018-13:38:28-UTC,v3_03_00_gamma,12-Nov-2018-13:38:15-UTC,v1_16_00b,12-Nov-2018-13:38:13-UTC,v1_17_06a,,,,,,,,,,,,,,,,,,,,,,,,,,,,,,,,,,,
dunepro,detector,unknown,raw,"{'family': 'art', 'name': 'dune-artdaq', 'version': 'v1_16_00b'}",physics,protodune-sp,66544,531313,8257050,,12-Nov-2018-13:38:24-UTC,v3_04_02,12-Nov-2018-13:38:28-UTC,v3_03_00_gamma,12-Nov-2018-13:38:15-UTC,v1_16_00b,12-Nov-2018-13:38:13-UTC,v1_17_06a,,,,,,,,,,,,,,,,,,,,,,,,,,,,,,,,,,,
dunepro,detector,unknown,raw,"{'family': 'art', 'name': 'dune-artdaq', 'version': 'v1_16_00b'}",test,protodune-sp,6957,49673,1289879,180,12-Nov-2018-13:38:24-UTC,v3_04_02,12-Nov-2018-13:38:28-UTC,v3_03_00_gamma,12-Nov-2018-13:38:15-UTC,v1_16_00b,12-Nov-2018-13:38:13-UTC,v1_17_06a,,,,,,,,,,,,,,,,,,,,,,,,,,,,,,,,,,,
dunepro,detector,artroot,full-reconstructed,"{'family': 'art', 'name': 'reco', 'version': 'v08_03_00'}",noise,protodune-sp,1068,3634,142901,180,,,,,,,,,,,,,,,,,,,,,,,,,,,,,,,,,,,,,,,,,,,
dunepro,detector,artroot,full-reconstructed,"{'family': 'art', 'name': 'reco', 'version': 'v08_03_00'}",physics,protodune-sp,928,3019,124735,180,,,,,,,,,,,,,,,,,,,,,,,,,,,,,,,,,,,,,,,,,,,
dunepro,mc,artroot,simulated,"{'family': 'art', 'name': 'g4', 'version': 'v08_03_00'}",out1,physics,73705,26938,3687320,,,,,,,,,,poms_depends_435657_1,mcc11,,,,,,,,,,,,,,,,,,,,,,,,,,,,,,,,,
dunepro,detector,unknown,raw,"{'family': 'art', 'name': 'dune-artdaq', 'version': 'v1_16_00b'}",cosmics,protodune-sp,162457,931719,15044924,,18-Jan-2019-15:04:13-UTC,v3_04_05-12-g07c4dc2,18-Jan-2019-15:04:16-UTC,merge_snapshot_15Nov18-64-gbd7a816,18-Jan-2019-15:04:06-UTC,v1_16_00b,18-Jan-2019-15:04:04-UTC,v1_17_06a,,,,,,,,,,,,,,,,,,,,,,,,,,,,,,,,,,,
dunepro,detector,unknown,raw,"{'family': 'art', 'name': 'dune-artdaq', 'version': 'v1_16_00b'}",cosmics,protodune-sp,116373,634148,10766088,180,18-Jan-2019-15:04:13-UTC,v3_04_05-12-g07c4dc2,18-Jan-2019-15:04:16-UTC,merge_snapshot_15Nov18-64-gbd7a816,18-Jan-2019-15:04:06-UTC,v1_16_00b,18-Jan-2019-15:04:04-UTC,v1_17_06a,,,,,,,,,,,,,,,,,,,,,,,,,,,,,,,,,,,
dunepro,detector,unknown,raw,"{'family': 'art', 'name': 'dune-artdaq', 'version': 'v1_16_00b'}",cosmics,protodune-sp,2198,18067,128326,144,18-Jan-2019-15:04:13-UTC,v3_04_05-12-g07c4dc2,18-Jan-2019-15:04:16-UTC,merge_snapshot_15Nov18-64-gbd7a816,18-Jan-2019-15:04:06-UTC,v1_16_00b,18-Jan-2019-15:04:04-UTC,v1_17_06a,,,,,,,,,,,,,,,,,,,,,,,,,,,,,,,,,,,
dunepro,detector,unknown,raw,"{'family': 'art', 'name': 'dune-artdaq', 'version': 'v1_16_00b'}",cosmics,protodune-sp,2628,18719,164484,130,18-Jan-2019-15:04:13-UTC,v3_04_05-12-g07c4dc2,18-Jan-2019-15:04:16-UTC,merge_snapshot_15Nov18-64-gbd7a816,18-Jan-2019-15:04:06-UTC,v1_16_00b,18-Jan-2019-15:04:04-UTC,v1_17_06a,,,,,,,,,,,,,,,,,,,,,,,,,,,,,,,,,,,
dunepro,detector,artroot,full-reconstructed,"{'family': 'art', 'name': 'reco', 'version': 'v07_08_00_05'}",physics,protodune-sp,6021,17936,646056,140,,,,,,,,,,,,,,,,,,,,,,,,,,,,,,,,,,,,,,,,,,,
dunepro,mc,artroot,detector-simulated,"{'family': 'art', 'name': 'detsim', 'version': 'v08_03_00'}",out1,physics,66444,21843,2729800,,,,,,,,,,poms_depends_438864_1,mcc11,,,,,,,,,,,,,,,,,,,,,,,,,,,,,,,,,
dunepro,mc,artroot,full-reconstructed,"{'family': 'art', 'name': 'reco', 'version': 'development'}",out1,physics,28218,330959,9309210,,,,,,,,,,,mcc11,,,,,,,,,,,,,,,,,,,,,,,,,,,,,,,,,
dunepro,detector,unknown,raw,"{'family': 'art', 'name': 'dune-artdaq', 'version': 'v1_16_00b'}",cosmics,protodune-sp,1681,13852,102837,38,18-Jan-2019-15:04:13-UTC,v3_04_05-12-g07c4dc2,18-Jan-2019-15:04:16-UTC,merge_snapshot_15Nov18-64-gbd7a816,18-Jan-2019-15:04:06-UTC,v1_16_00b,18-Jan-2019-15:04:04-UTC,v1_17_06a,,,,,,,,,,,,,,,,,,,,,,,,,,,,,,,,,,,
dunepro,detector,unknown,raw,"{'family': 'art', 'name': 'dune-artdaq', 'version': 'v1_16_00b'}",cosmics,protodune-sp,1978,16297,119397,77,18-Jan-2019-15:04:13-UTC,v3_04_05-12-g07c4dc2,18-Jan-2019-15:04:16-UTC,merge_snapshot_15Nov18-64-gbd7a816,18-Jan-2019-15:04:06-UTC,v1_16_00b,18-Jan-2019-15:04:04-UTC,v1_17_06a,,,,,,,,,,,,,,,,,,,,,,,,,,,,,,,,,,,
dunepro,detector,unknown,raw,"{'family': 'art', 'name': 'dune-artdaq', 'version': 'v1_16_00b'}",calibration,protodune-sp,40503,82620,30250879,,31-Jan-2019-09:35:58-UTC,pdune_11Jan2019,31-Jan-2019-09:36:01-UTC,pdune_11Jan2019,31-Jan-2019-09:35:51-UTC,v1_16_00b,31-Jan-2019-09:35:49-UTC,v1_17_06a,,,,,,,,,,,,,,,,,,,,,,,,,,,,,,,,,,,
dunepro,detector,artroot,full-reconstructed,"{'family': 'art', 'name': 'reco', 'version': 'v07_08_00_05'}",physics,protodune-sp,920,2552,97289,150,,,,,,,,,,,,,,,,,,,,,,,,,,,,,,,,,,,,,,,,,,,
dunepro,detector,artroot,full-reconstructed,"{'family': 'art', 'name': 'reco', 'version': 'v07_08_00_05'}",physics,protodune-sp,1639,4198,174810,160,,,,,,,,,,,,,,,,,,,,,,,,,,,,,,,,,,,,,,,,,,,
dunepro,detector,artroot,full-reconstructed,"{'family': 'art', 'name': 'reco', 'version': 'v07_08_00_05'}",physics,protodune-sp,836,2250,88060,130,,,,,,,,,,,,,,,,,,,,,,,,,,,,,,,,,,,,,,,,,,,
dunepro,detector,artroot,full-reconstructed,"{'family': 'art', 'name': 'reco', 'version': 'v07_08_00_05'}",physics,protodune-sp,201,503,20397,175,,,,,,,,,,,,,,,,,,,,,,,,,,,,,,,,,,,,,,,,,,,
dunepro,mc,artroot,full-reconstructed,"{'family': 'art', 'name': 'reco', 'version': 'v08_03_00'}",out1,physics,373729,43512,5679970,,,,,,,,,,,mcc11,,,,,,,,,,,,,,,,,,,,,,,,,,,,,,,,,
dunepro,detector,artroot,full-reconstructed,"{'family': 'art', 'name': 'reco', 'version': 'v07_08_00_05'}",cosmics,protodune-sp,125132,210647,11314833,180,,,,,,,,,,,,,,,,,,,,,,,,,,,,,,,,,,,,,,,,,,,
dunepro,detector,artroot,full-reconstructed,"{'family': 'art', 'name': 'reco', 'version': 'v07_08_00_05'}",cosmics,protodune-sp,84,13,3318,140,,,,,,,,,,,,,,,,,,,,,,,,,,,,,,,,,,,,,,,,,,,
dunepro,detector,unknown,raw,"{'family': 'art', 'name': 'dune-artdaq', 'version': 'v1_16_00b'}",calibration,protodune-sp,4337,14306,2497388,180,12-Feb-2019-09:12:57-UTC,pdune_11Jan2019,12-Feb-2019-09:13:00-UTC,pdune_11Jan2019,12-Feb-2019-09:12:50-UTC,v1_16_00b,12-Feb-2019-09:12:48-UTC,v1_17_06a,,,,,,,,,,,,,,,,,,,,,,,,,,,,,,,,,,,
dunepro,detector,artroot,full-reconstructed,"{'family': 'art', 'name': 'reco', 'version': 'v07_08_00_05'}",cosmics,protodune-sp,325,4865,16141,126,,,,,,,,,,,,,,,,,,,,,,,,,,,,,,,,,,,,,,,,,,,
dunepro,detector,artroot,full-reconstructed,"{'family': 'art', 'name': 'reco', 'version': 'v07_08_00_05'}",cosmics,protodune-sp,627,9401,30780,162,,,,,,,,,,,,,,,,,,,,,,,,,,,,,,,,,,,,,,,,,,,
dunepro,detector,artroot,full-reconstructed,"{'family': 'art', 'name': 'reco', 'version': 'v07_08_00_05'}",cosmics,protodune-sp,317,4705,15742,108,,,,,,,,,,,,,,,,,,,,,,,,,,,,,,,,,,,,,,,,,,,
dunepro,detector,artroot,full-reconstructed,"{'family': 'art', 'name': 'reco', 'version': 'v07_08_00_05'}",cosmics,protodune-sp,405,4541,19281,90,,,,,,,,,,,,,,,,,,,,,,,,,,,,,,,,,,,,,,,,,,,
dunepro,unknown,artroot,full-reconstructed,"{'family': 'art', 'name': 'larsoft', 'version': 'v07_11_00'}",,,1999,20274,199900,,,,,,,,,,,mcc11,2724,,,,,,,,,,,,,,,,,,,,,,,,,,,,,,,,
dunepro,detector,artroot,full-reconstructed,"{'family': 'art', 'name': 'reco', 'version': 'v07_08_00_05'}",cosmics,protodune-sp,317,4519,15803,72,,,,,,,,,,,,,,,,,,,,,,,,,,,,,,,,,,,,,,,,,,,
dunepro,detector,artroot,full-reconstructed,"{'family': 'art', 'name': 'reco', 'version': 'v07_08_00_05'}",cosmics,protodune-sp,4299,5912,160664,130,,,,,,,,,,,,,,,,,,,,,,,,,,,,,,,,,,,,,,,,,,,
dunepro,detector,artroot,full-reconstructed,"{'family': 'art', 'name': 'reco', 'version': 'v07_08_00_05'}",cosmics,protodune-sp,314,4220,15422,54,,,,,,,,,,,,,,,,,,,,,,,,,,,,,,,,,,,,,,,,,,,
dunepro,detector,artroot,full-reconstructed,"{'family': 'art', 'name': 'reco', 'version': 'v07_08_00_05'}",cosmics,protodune-sp,3827,1763,101915,38,,,,,,,,,,,,,,,,,,,,,,,,,,,,,,,,,,,,,,,,,,,
dunepro,detector,artroot,full-reconstructed,"{'family': 'art', 'name': 'reco', 'version': 'v07_08_00_05'}",cosmics,protodune-sp,3406,9357,126061,144,,,,,,,,,,,,,,,,,,,,,,,,,,,,,,,,,,,,,,,,,,,
dunepro,mc,artroot,simulated,"{'family': 'art', 'name': 'g4', 'version': 'v07_04_00'}",,physics,26765,37957,364590,,,,,,,,,,,MCC11,,,,,,,,,,,,,,,,,,,,,,,,,,,,,,,,,
dunepro,mc,artroot,detector-simulated,"{'family': 'art', 'name': 'detsim', 'version': 'v07_04_00'}",,physics,26506,53430,264790,,,,,,,,,,,MCC11,,final,protoDUNE SP,3ms,1,1,,,,,,,,,,,,,,,,,,,,,,,,,,,
dunepro,detector,unknown,raw,"{'family': 'art', 'name': 'dune-artdaq', 'version': 'v1_16_00b'}",cosmics,protodune-sp,701,5164,83715,0,05-Mar-2019-18:15:10-UTC,pdune_20190222,05-Mar-2019-18:15:14-UTC,pdune_20190222,05-Mar-2019-18:15:01-UTC,v1_16_00b,05-Mar-2019-18:14:58-UTC,v1_17_06a,,,,,,,,,,,,,,,,,,,,,,,,,,,,,,,,,,,
dunepro,detector,artroot,full-reconstructed,"{'family': 'art', 'name': 'reco', 'version': 'v07_08_00_05'}",cosmics,protodune-sp,699,996,178860,0,,,,,,,,,,,,,,,,,,,,,,,,,,,,,,,,,,,,,,,,,,,
dunepro,detector,artroot,full-reconstructed,"{'family': 'art', 'name': 'reco', 'version': 'v07_08_00_05'}",cosmics,protodune-sp,317,3535,15633,18,,,,,,,,,,,,,,,,,,,,,,,,,,,,,,,,,,,,,,,,,,,
dunepro,mc,artroot,full-reconstructed,"{'family': 'art', 'name': 'reco', 'version': 'v07_07_00_01'}",,physics,65040,155818,650130,,,,,,,,,,,MCC11,,,,,,,,,,,,,,,,,,,,,,,,,,,,,,,,,
dunepro,detector,artroot,full-reconstructed,"{'family': 'art', 'name': 'reco', 'version': 'v07_08_00_05'}",cosmics,protodune-sp,307,3863,15275,36,,,,,,,,,,,,,,,,,,,,,,,,,,,,,,,,,,,,,,,,,,,
dunepro,mc,artroot,detector-simulated,"{'family': 'art', 'name': 'detsim', 'version': 'v08_07_00'}",out1,physics,3066,75,306600,,,,,,,,,,poms_depends_457089_1,mcc11,,,,,,,,,,,,,,,,,,,,,,,,,,,,,,,,,
dunepro,detector,unknown,raw,"{'family': 'art', 'name': 'dune-artdaq', 'version': 'v1_16_00b'}",test,protodune-sp,830,3373,66359,120,14-Mar-2019-20:29:08-UTC,pdune_20190312,14-Mar-2019-20:29:12-UTC,pdune_20190313b,14-Mar-2019-20:29:00-UTC,v1_16_00b,14-Mar-2019-20:28:57-UTC,v1_17_06a,,,,,,,,,,,,,,,,,,,,,,,,,,,,,,,,,,,
dunepro,detector,unknown,raw,"{'family': 'art', 'name': 'dune-artdaq', 'version': 'v1_16_00b'}",calibration,protodune-sp,2756,15144,449057,0,12-Nov-2018-13:38:24-UTC,v3_04_02,12-Nov-2018-13:38:28-UTC,v3_03_00_gamma,12-Nov-2018-13:38:15-UTC,v1_16_00b,12-Nov-2018-13:38:13-UTC,v1_17_06a,,,,,,,,,,,,,,,,,,,,,,,,,,,,,,,,,,,
dunepro,detector,unknown,raw,"{'family': 'art', 'name': 'dune-artdaq', 'version': 'v1_16_00b'}",calibration,protodune-sp,407,471,401101,170,14-Mar-2019-20:29:08-UTC,pdune_20190312,14-Mar-2019-20:29:12-UTC,pdune_20190313b,14-Mar-2019-20:29:00-UTC,v1_16_00b,14-Mar-2019-20:28:57-UTC,v1_17_06a,,,,,,,,,1,,,,,,,,,,,,,,,,,,,,,,,,,,
dunepro,detector,unknown,raw,"{'family': 'art', 'name': 'dune-artdaq', 'version': 'v1_16_00b'}",cosmics,protodune-sp,433,1763,31372,160,14-Mar-2019-20:29:08-UTC,pdune_20190312,14-Mar-2019-20:29:12-UTC,pdune_20190313b,14-Mar-2019-20:29:00-UTC,v1_16_00b,14-Mar-2019-20:28:57-UTC,v1_17_06a,,,,,,,,,1,,,,,,,,,,,,,,,,,,,,,,,,,,
dunepro,detector,unknown,raw,"{'family': 'art', 'name': 'dune-artdaq', 'version': 'v1_16_00b'}",cosmics,protodune-sp,510,3295,25987,90,14-Mar-2019-20:29:08-UTC,pdune_20190312,14-Mar-2019-20:29:12-UTC,pdune_20190313b,14-Mar-2019-20:29:00-UTC,v1_16_00b,14-Mar-2019-20:28:57-UTC,v1_17_06a,,,,,,,,,1,,,,,,,,,,,,,,,,,,,,,,,,,,
dunepro,mc,artroot,full-reconstructed,"{'family': 'art', 'name': 'reco', 'version': 'v08_07_00'}",out1,physics,3032,182,303200,,,,,,,,,,,mcc11,,,,,,,,,,,,,,,,,,,,,,,,,,,,,,,,,
dunepro,mc,artroot,full-reconstructed,"{'family': 'art', 'name': 'reco', 'version': 'v08_07_00'}",out1,physics,1026,92,102600,,,,,,,,,,,mcc11,,,,,,,,RITM0720289,,,,,,,,,,,,,,,,,,,,,,,,,
dunepro,detector,unknown,raw,"{'family': 'art', 'name': 'dune-artdaq', 'version': 'v1_16_00b'}",calibration,protodune-sp,531,2171,35168,135,14-Mar-2019-20:29:08-UTC,pdune_20190312,14-Mar-2019-20:29:12-UTC,pdune_20190313b,14-Mar-2019-20:29:00-UTC,v1_16_00b,14-Mar-2019-20:28:57-UTC,v1_17_06a,,,,,,,,,,,,,,,,,,,,,,,,,,,,,,,,,,,
dunepro,detector,unknown,raw,"{'family': 'art', 'name': 'dune-artdaq', 'version': 'v1_16_00b'}",calibration,protodune-sp,152,595,9669,90,14-Mar-2019-20:29:08-UTC,pdune_20190312,14-Mar-2019-20:29:12-UTC,pdune_20190313b,14-Mar-2019-20:29:00-UTC,v1_16_00b,14-Mar-2019-20:28:57-UTC,v1_17_06a,,,,,,,,,,,,,,,,,,,,,,,,,,,,,,,,,,,
dunepro,detector,unknown,raw,"{'family': 'art', 'name': 'dune-artdaq', 'version': 'v1_16_00b'}",cosmics,protodune-sp,380,1486,24155,45,14-Mar-2019-20:29:08-UTC,pdune_20190312,14-Mar-2019-20:29:12-UTC,pdune_20190313b,14-Mar-2019-20:29:00-UTC,v1_16_00b,14-Mar-2019-20:28:57-UTC,v1_17_06a,,,,,,,,,,,,,,,,,,,,,,,,,,,,,,,,,,,
dunepro,detector,unknown,raw,"{'family': 'art', 'name': 'dune-artdaq', 'version': 'v1_16_00b'}",calibration,protodune-sp,252,1003,15534,18,14-Mar-2019-20:29:08-UTC,pdune_20190312,14-Mar-2019-20:29:12-UTC,pdune_20190313b,14-Mar-2019-20:29:00-UTC,v1_16_00b,14-Mar-2019-20:28:57-UTC,v1_17_06a,,,,,,,,,,,,,,,,,,,,,,,,,,,,,,,,,,,
dunepro,detector,unknown,raw,"{'family': 'art', 'name': 'dune-artdaq', 'version': 'v1_16_00b'}",cosmics,protodune-sp,519,3646,28345,135,14-Mar-2019-20:29:08-UTC,pdune_20190312,14-Mar-2019-20:29:12-UTC,pdune_20190313b,14-Mar-2019-20:29:00-UTC,v1_16_00b,14-Mar-2019-20:28:57-UTC,v1_17_06a,,,,,,,,,,,,,,,,,,,,,,,,,,,,,,,,,,,
dunepro,detector,artroot,full-reconstructed,"{'family': 'art', 'name': 'reco', 'version': 'v07_08_00_05'}",cosmics,protodune-sp,340,220,21687,45,,,,,,,,,,,,,,,,,,,,,,,,,,,,,,,,,,,,,,,,,,,
dunepro,detector,artroot,full-reconstructed,"{'family': 'art', 'name': 'reco', 'version': 'v07_08_00_05'}",cosmics,protodune-sp,483,679,34171,160,,,,,,,,,,,,,,,,,,,,,,,,,,,,,,,,,,,,,,,,,,,
dunepro,detector,unknown,raw,"{'family': 'art', 'name': 'dune-artdaq', 'version': 'v2019_11_25_develop_fixed_crtgen'}",test,protodune-sp,36705,144780,2976321,,18-Jul-2019-01:37:59-UTC,v2019_07_17_protoDFO_testing,13-Nov-2019-20:58:24-UTC,v2019_11_13_dune_artdaq_October2019,25-Nov-2019-17:09:41-UTC,v2019_11_25_develop_fixed_crtgen,25-Nov-2019-17:09:37-UTC,v2019_08_29_for_dune-artdaq_self_trigger_and_felix,,,,,,,,,,,,,,,,,,,,,,,,,,,,,,,,,,,
dunepro,mc,artroot,full-reconstructed,"{'family': 'art', 'name': 'garsoft', 'version': 'v02_04_00'}",,neardet,32,39,9600,,,,,,,,,,,trj_mpd_dec2019,,,,,,,,,GENIE,1,MPD_ECalOctagon_60l_UniformMagnet.gdml,nue_dec2019_mpd_tpc_g4lbne_v3r2p4b_FHC_ND_RIK,"12, -12",volGArTPC,300.0,0.0,,,,,,,,,,,,,,,,,
dunepro,detector,unknown,raw,"{'family': 'art', 'name': 'dune-artdaq', 'version': 'v2019_11_25_develop_fixed_crtgen'}",cosmics,protodune-sp,204977,831925,22411160,,18-Jul-2019-01:37:59-UTC,v2019_07_17_protoDFO_testing,13-Nov-2019-20:58:24-UTC,v2019_11_13_dune_artdaq_October2019,25-Nov-2019-17:09:41-UTC,v2019_11_25_develop_fixed_crtgen,25-Nov-2019-17:09:37-UTC,v2019_08_29_for_dune-artdaq_self_trigger_and_felix,,,,,,,,,,,,,,,,,,,,,,,,,,,,,,,,,,,
dunepro,detector,unknown,raw,"{'family': 'art', 'name': 'dune-artdaq', 'version': 'v2019_11_25_develop_fixed_crtgen'}",cosmics,protodune-sp,62804,260111,2087409,180,18-Jul-2019-01:37:59-UTC,v2019_07_17_protoDFO_testing,13-Nov-2019-20:58:24-UTC,v2019_11_13_dune_artdaq_October2019,25-Nov-2019-17:09:41-UTC,v2019_11_25_develop_fixed_crtgen,25-Nov-2019-17:09:37-UTC,v2019_08_29_for_dune-artdaq_self_trigger_and_felix,,,,,,,,,,,,,,,,,,,,,,,,,,,,,,,,,,,
dunepro,mc,artroot,full-reconstructed,"{'family': 'art', 'name': 'reco', 'version': 'v08_35_00'}",out1,fardet-sp,126054,19329,3151350,,,,,,,,,,,NERSCtest,,,,,,,,,,,,,,,,,,,,,,,,,,,,,,,,,
dunepro,detector,artroot,full-reconstructed,"{'family': 'art', 'name': 'reco', 'version': 'v08_27_01_01'}",cosmics,protodune-sp,54248,39539,1897400,180,,,,,,,,,,keepup_v08_27_01,,,,,,,,,,,,,,,,,,,,,,,,,,,,,,,,,
dunepro,detector,unknown,raw,"{'family': 'art', 'name': 'dune-artdaq', 'version': 'v2019_11_25_develop_fixed_crtgen'}",test,protodune-sp,4373,17951,139249,180,18-Jul-2019-01:37:59-UTC,v2019_07_17_protoDFO_testing,13-Nov-2019-20:58:24-UTC,v2019_11_13_dune_artdaq_October2019,25-Nov-2019-17:09:41-UTC,v2019_11_25_develop_fixed_crtgen,25-Nov-2019-17:09:37-UTC,v2019_08_29_for_dune-artdaq_self_trigger_and_felix,,,,,,,,,,,,,,,,,,,,,,,,,,,,,,,,,,,
dunepro,detector,artroot,hit-reconstructed,"{'family': 'art', 'name': 'reco', 'version': 'v08_33_00'}",cosmics,protodune-dp,12664,8595,378099,,,,,,,,,,,NP02_run2019,,,,,,,,,,,,,,,,,,,,,,,,,,,,,,,,,
dunepro,detector,unknown,raw,"{'family': 'art', 'name': 'dune-artdaq', 'version': 'v2019_11_25_develop_fixed_crtgen'}",calibration,protodune-sp,5497,18705,1188522,,18-Jul-2019-01:37:59-UTC,v2019_07_17_protoDFO_testing,13-Nov-2019-20:58:24-UTC,v2019_11_13_dune_artdaq_October2019,25-Nov-2019-17:09:41-UTC,v2019_11_25_develop_fixed_crtgen,25-Nov-2019-17:09:37-UTC,v2019_08_29_for_dune-artdaq_self_trigger_and_felix,,,,,,,,,,,,,,,,,,,,,,,,,,,,,,,,,,,
dunepro,detector,artroot,full-reconstructed,"{'family': 'art', 'name': 'reco', 'version': 'v08_38_01'}",physics,protodune-sp,4096,249851,549069,180,,,,,,,,,,keep_recob_v08_38_01,,,,,,,,,,,,,,,,,,,,,,,,,,,,,,,,,
dunepro,detector,unknown,raw,"{'family': 'art', 'name': 'dune-artdaq', 'version': 'v2019_10_31_pdune_e17_s83'}",test,protodune-sp,1944,7916,288171,,05-Feb-2020-18:59:10-UTC,artdaq-v3_07_00-14-gf006583,05-Feb-2020-18:59:12-UTC,v3_07_01-78-g22a1bd5e,05-Feb-2020-18:59:03-UTC,v2019_10_31_pdune_e17_s83,05-Feb-2020-18:58:58-UTC,v2019_10_31_pdune_e17_s83,,,,,,,,,,,,,,,,,,,,,,,,,,,,,,,,,,,
dunepro,detector,unknown,raw,"{'family': 'art', 'name': 'dune-artdaq', 'version': 'v2019_08_29_develop_self_trigger_and_felix'}",test,protodune-sp,46384,185628,3530723,,18-Jul-2019-01:37:59-UTC,v2019_07_17_protoDFO_testing,28-Aug-2019-19:38:17-UTC,v2019_08_28_protoDFO_pduneHacks,13-Dec-2019-11:47:47-UTC,v2019_08_29_develop_self_trigger_and_felix,25-Nov-2019-16:59:08-UTC,v2019_08_29_for_dune-artdaq_self_trigger_and_felix,,,,,,,,,,,,,,,,,,,,,,,,,,,,,,,,,,,
dunepro,mc,artroot,full-reconstructed,"{'family': 'art', 'name': 'reco', 'version': 'v08_37_00'}",out1,fardet-sp,17358,14236,6843300,,,,,,,,,,,MC_Fall2019,,,,,,,,,,,,,,,,,,,,,,,,,,,,,,,,,
dunepro,mc,artroot,detector-simulated,"{'family': 'art', 'name': 'detsim', 'version': 'v08_48_01'}",out1,protodune-sp,13756,28819,137560,,,,,,,,,,,PDSPProd3,,final,protoDUNE SP,3ms,1,1,,,,,,,,,,,1.0,1,1.0,no,no,no,no,,,,,,,,,,
dunepro,mc,artroot,detector-simulated,"{'family': 'art', 'name': 'detsim', 'version': 'v08_48_01'}",out1,protodune-sp,13780,28887,137800,,,,,,,,,,,PDSPProd3,,final,protoDUNE SP,3ms,1,1,,,,,,,,,,,1.0,1,1.0,no,yes,no,yes,,,,,,,,,,
dunepro,detector,artroot,full-reconstructed,"{'family': 'art', 'name': 'reco', 'version': 'v08_48_01'}",physics,protodune-sp,528,1944,55716,180,,,,,,,,,,PDSPProd3,,,,,,,,,,,,,,,,,7.0,,,,,,,1,,,,,,,,,
dunepro,detector,artroot,full-reconstructed,"{'family': 'art', 'name': 'reco', 'version': 'v08_48_01'}",physics,protodune-sp,1377,6048,189242,180,,,,,,,,,,PDSPProd3,,,,,,,,,,,,,,,,,0.3,,,,,,,1,,,,,,,,,
dunepro,detector,artroot,full-reconstructed,"{'family': 'art', 'name': 'reco', 'version': 'v08_48_01'}",physics,protodune-sp,9766,39784,1256803,180,,,,,,,,,,PDSPProd3,,,,,,,,,,,,,,,,,1.0,,,,,,,1,,,,,,,,,
dunepro,detector,artroot,full-reconstructed,"{'family': 'art', 'name': 'reco', 'version': 'v08_48_01'}",physics,protodune-sp,1405,6355,188237,180,,,,,,,,,,PDSPProd3,,,,,,,,,,,,,,,,,6.0,,,,,,,1,,,,,,,,,
dunepro,mc,artroot,full-reconstructed,"{'family': 'art', 'name': 'reco', 'version': 'v08_48_01'}",out1,protodune-sp,13780,23666,137800,,,,,,,,,,,PDSPProd3,,final,protoDUNE SP,3ms,1,1,,,,,,,,,,,1.0,1,1.0,no,yes,no,yes,,,,,,,,,,
dunepro,mc,artroot,full-reconstructed,"{'family': 'art', 'name': 'reco', 'version': 'v08_48_01'}",out1,protodune-sp,13756,23692,137560,,,,,,,,,,,PDSPProd3,,final,protoDUNE SP,3ms,1,1,,,,,,,,,,,1.0,1,1.0,no,no,no,no,,,,,,,,,,
dunepro,mc,artroot,detector-simulated,"{'family': 'art', 'name': 'detsim', 'version': 'v08_48_01'}",out1,protodune-sp,19212,40681,192120,,,,,,,,,,,PDSPProd3,,final,protoDUNE SP,3ms,1,1,,,,,,,,,,,2.0,1,2.0,no,no,no,no,,,,,,,,,,
dunepro,mc,artroot,detector-simulated,"{'family': 'art', 'name': 'detsim', 'version': 'v08_48_01'}",out1,protodune-sp,19217,40709,192170,,,,,,,,,,,PDSPProd3,,final,protoDUNE SP,3ms,1,1,,,,,,,,,,,2.0,1,2.0,no,yes,no,yes,,,,,,,,,,
dunepro,detector,artroot,full-reconstructed,"{'family': 'art', 'name': 'reco', 'version': 'v08_48_01'}",physics,protodune-sp,1034,4567,138451,180,,,,,,,,,,PDSPProd3,,,,,,,,,,,,,,,,,0.5,,,,,,,1,,,,,,,,,
dunepro,detector,artroot,full-reconstructed,"{'family': 'art', 'name': 'reco', 'version': 'v08_48_01'}",physics,protodune-sp,66,209,6505,130,,,,,,,,,,PDSPProd3,,,,,,,,,,,,,,,,,1.0,,,,,,,1,,,,,,,,,
dunepro,detector,artroot,full-reconstructed,"{'family': 'art', 'name': 'reco', 'version': 'v08_48_01'}",physics,protodune-sp,5866,19734,629059,140,,,,,,,,,,PDSPProd3,,,,,,,,,,,,,,,,,1.0,,,,,,,1,,,,,,,,,
dunepro,detector,artroot,full-reconstructed,"{'family': 'art', 'name': 'reco', 'version': 'v08_48_01'}",physics,protodune-sp,1142,3826,121577,160,,,,,,,,,,PDSPProd3,,,,,,,,,,,,,,,,,1.0,,,,,,,1,,,,,,,,,
dunepro,mc,artroot,full-reconstructed,"{'family': 'art', 'name': 'reco', 'version': 'v08_48_01'}",out1,protodune-sp,4235,7501,42350,,,,,,,,,,,PDSPProd3,,final,protoDUNE SP,3ms,1,1,,,,,,,,,,,3.0,1,3.0,no,no,no,no,,,,,,,,,,
dunepro,mc,artroot,detector-simulated,"{'family': 'art', 'name': 'detsim', 'version': 'v08_48_01'}",out1,protodune-sp,4277,9143,42770,,,,,,,,,,,PDSPProd3,,final,protoDUNE SP,3ms,1,1,,,,,,,,,,,3.0,1,3.0,no,no,no,no,,,,,,,,,,
dunepro,mc,artroot,detector-simulated,"{'family': 'art', 'name': 'detsim', 'version': 'v08_48_01'}",out1,protodune-sp,4299,9193,42990,,,,,,,,,,,PDSPProd3,,final,protoDUNE SP,3ms,1,1,,,,,,,,,,,3.0,1,3.0,no,yes,no,yes,,,,,,,,,,
dunepro,mc,artroot,full-reconstructed,"{'family': 'art', 'name': 'reco', 'version': 'v08_48_01'}",out1,protodune-sp,4234,7474,42340,,,,,,,,,,,PDSPProd3,,final,protoDUNE SP,3ms,1,1,,,,,,,,,,,3.0,1,3.0,no,yes,no,yes,,,,,,,,,,
dunepro,detector,artroot,full-reconstructed,"{'family': 'art', 'name': 'reco', 'version': 'v08_48_01'}",physics,protodune-sp,580,2487,78306,180,,,,,,,,,,PDSPProd3,,,,,,,,,,,,,,,,,2.0,,,,,,,1,,,,,,,,,
dunepro,detector,artroot,full-reconstructed,"{'family': 'art', 'name': 'reco', 'version': 'v08_48_01'}",physics,protodune-sp,1590,7065,213203,180,,,,,,,,,,PDSPProd3,,,,,,,,,,,,,,,,,3.0,,,,,,,1,,,,,,,,,
dunepro,detector,artroot,full-reconstructed,"{'family': 'art', 'name': 'reco', 'version': 'v08_48_01'}",physics,protodune-sp,190,619,19217,175,,,,,,,,,,PDSPProd3,,,,,,,,,,,,,,,,,1.0,,,,,,,1,,,,,,,,,
dunepro,mc,root,raw,"{'family': 'genie', 'name': 'ghep', 'version': 'v2_12_10c'}",,neardet,245,2,2450000,,,,,,,,,,,mtanaz_mpdactive_nov2019,,,,,,,,,GENIE,1,nd_hall_only_mpd.gdml,nu_nov2019_mpdactive_g4lbne_v3r2p4b_FHC_ND,"12, -12, 14, -14",,,,,,,,,,,,,,,,,,,,
dunepro,mc,artroot,full-reconstructed,"{'family': 'art', 'name': 'reco', 'version': 'v08_48_01'}",out1,protodune-sp,10963,19200,109630,,,,,,,,,,,PDSPProd3,,final,protoDUNE SP,3ms,1,1,,,,,,,,,,,2.0,1,2.0,no,no,no,no,,,,,,,,,,
dunepro,mc,artroot,full-reconstructed,"{'family': 'art', 'name': 'reco', 'version': 'v08_48_01'}",out1,protodune-sp,10963,19139,109630,,,,,,,,,,,PDSPProd3,,final,protoDUNE SP,3ms,1,1,,,,,,,,,,,2.0,1,2.0,no,yes,no,yes,,,,,,,,,,
dunepro,mc,root,raw,"{'family': 'genie', 'name': 'ghep', 'version': 'v2_12_10c'}",,neardet,489,5,4890000,,,,,,,,,,,mtanaz_mpd_ecal_nonactive_nov2019,,,,,,,,,GENIE,1,nd_hall_only_mpd_antifid.gdml,nu_nov2019_mpd_ecal_nonactive_g4lbne_v3r2p4b_FHC_ND,"12, -12, 14, -14",,,,,,,,,,,,,,,,,,,,
dunepro,detector,artroot,full-reconstructed,"{'family': 'art', 'name': 'reco', 'version': 'v08_48_01'}",physics,protodune-sp,6091,20501,653421,140,,,,,,,,,,PDSPProd3,,,,,,,,,,,,,,,,,,,,,,,,,,,,,,,,,
dunepro,detector,artroot,full-reconstructed,"{'family': 'art', 'name': 'reco', 'version': 'v08_48_01'}",cosmics,protodune-sp,908,728,24654,180,,,,,,,,,,keepup_v08_48_01,,,,,,,,,,,,,,,,,,,,,,,,,,,,,,,,,
dunepro,detector,artroot,full-reconstructed,"{'family': 'art', 'name': 'reco', 'version': 'v08_55_01'}",cosmics,protodune-sp,28526,26266,1009634,180,,,,,,,,,,keepup_v08_55_01,,,,,,,,,,,,,,,,,,,,,,,,,,,,,,,,,
dunepro,detector,hdf5,raw,,test,protodune-sp,180917,779847,21890766,,,,,,,,,,,,,,,,,,,,,,,,,,,,,,,,,,,,,,,,,,,,
dunepro,mc,artroot,detector-simulated,"{'family': 'art', 'name': 'detsim', 'version': 'v08_55_02'}",out1,protodune-sp,12853,30068,128530,,,,,,,,,,,MC_Summer2020,,,protoDUNE SP,35ms,1,1,,RITM0986948,,,,,,,,,1.0,1,1.0,no,no,no,no,,,,,,,,,,
dunepro,mc,artroot,detector-simulated,"{'family': 'art', 'name': 'detsim', 'version': 'v08_55_02'}",out1,protodune-sp,12865,30117,128650,,,,,,,,,,,MC_Summer2020,,,protoDUNE SP,35ms,1,1,,RITM0986948,,,,,,,,,1.0,1,1.0,no,yes,no,yes,,,,,,,,,,
dunepro,mc,artroot,full-reconstructed,"{'family': 'art', 'name': 'reco', 'version': 'v08_55_02'}",out1,protodune-sp,12740,33834,127400,,,,,,,,,,,MC_Summer2020,,,protoDUNE SP,35ms,1,1,,RITM0986948,,,,,,,,,1.0,1,1.0,no,no,no,no,,,,,,,,,,
dunepro,mc,artroot,full-reconstructed,"{'family': 'art', 'name': 'reco', 'version': 'v08_55_02'}",out1,protodune-sp,12761,33870,127610,,,,,,,,,,,MC_Summer2020,,,protoDUNE SP,35ms,1,1,,RITM0986948,,,,,,,,,1.0,1,1.0,no,yes,no,yes,,,,,,,,,,
dunepro,mc,artroot,detector-simulated,"{'family': 'art', 'name': 'detsim', 'version': 'v08_55_02'}",out1,protodune-sp,25994,60838,259940,,,,,,,,,,,MC_Summer2020,,,,,,,,,,,,,,,,,,,,,,,,,,,,,,,,,
dunepro,mc,artroot,full-reconstructed,"{'family': 'art', 'name': 'reco', 'version': 'v08_55_02'}",out1,protodune-sp,25775,68441,257750,,,,,,,,,,,MC_Summer2020,,,,,,,,RITM0986948,,,,,,,,,,,,,,,,,,,,,,,,,
dunepro,mc,binary,pandora_info,"{'family': 'art', 'name': 'reco', 'version': 'v08_55_02'}",out1,protodune-sp,12731,905,127310,,,,,,,,,,,MC_Summer2020,,,protoDUNE SP,35ms,1,1,,RITM0986948,,,,,,,,,1.0,1,1.0,no,yes,no,yes,,,,,,,,,,
dunepro,mc,binary,pandora_info,"{'family': 'art', 'name': 'reco', 'version': 'v08_55_02'}",out1,protodune-sp,12727,921,127270,,,,,,,,,,,MC_Summer2020,,,protoDUNE SP,35ms,1,1,,RITM0986948,,,,,,,,,1.0,1,1.0,no,no,no,no,,,,,,,,,,
dunepro,mc,binary,pandora_info,"{'family': 'art', 'name': 'reco', 'version': 'v08_55_02'}",out1,protodune-sp,49103,2894,2595320,,,,,,,,,,,MC_Summer2020,,,,,,,,,,,,,,,,,,,,,,,,,,,,,,,,,
dunepro,detector,unknown,raw,"{'family': 'art', 'name': 'dune-artdaq', 'version': 'v2019_11_25_develop_fixed_crtgen'}",noise,protodune-sp,1980,7935,120997,,18-Jul-2019-01:37:59-UTC,v2019_07_17_protoDFO_testing,13-Nov-2019-20:58:24-UTC,v2019_11_13_dune_artdaq_October2019,25-Nov-2019-17:09:41-UTC,v2019_11_25_develop_fixed_crtgen,25-Nov-2019-17:09:37-UTC,v2019_08_29_for_dune-artdaq_self_trigger_and_felix,,,,,,,,,,,,,,,,,,,,,,,,,,,,,,,,,,,
dunepro,detector,artroot,full-reconstructed,"{'family': 'art', 'name': 'reco', 'version': 'v08_59_00'}",cosmics,protodune-dp,1005,689,29991,,,,,,,,,,,NP02_keepup_Summer2020,,,,,,,,,,,,,,,,,,,,,,,,,,,,,,,,,
dunepro,mc,binary,pandora_info,"{'family': 'art', 'name': 'reco', 'version': 'v08_55_02'}",out1,protodune-sp,23381,1048,2338100,,,,,,,,,,,MC_Summer2020,,,,,,,,RITM0998939,,,,,,,,,,,,,,,,,,,,,,,,,
dunepro,mc,artroot,full-reconstructed,"{'family': 'art', 'name': 'reco', 'version': 'v08_55_02'}",out1,protodune-sp,28252,29342,2825102,,,,,,,,,,,MC_Summer2020,,,,,,,,RITM0998939,,,,,,,,,,,,,,,,,,,,,,,,,
dunepro,mc,binary,pandora_info,"{'family': 'art', 'name': 'reco', 'version': 'v08_57_00'}",out1,protodune-sp,297,24,2970,,,,,,,,,,,MC_Summer2020,,test,protoDUNE SP,35ms,1,1,,RITM0993763,,,,,,,,,7.0,1,7.0,no,yes,no,yes,,,,,,,,,,
dunepro,mc,artroot,detector-simulated,"{'family': 'art', 'name': 'detsim', 'version': 'v08_57_00'}",out1,protodune-sp,301,761,3010,,,,,,,,,,,MC_Summer2020,,test,protoDUNE SP,35ms,1,1,,RITM0993763,,,,,,,,,7.0,1,7.0,no,yes,no,yes,,,,,,,,,,
dunepro,mc,artroot,full-reconstructed,"{'family': 'art', 'name': 'reco', 'version': 'v08_57_00'}",out1,protodune-sp,297,857,2970,,,,,,,,,,,MC_Summer2020,,test,protoDUNE SP,35ms,1,1,,RITM0993763,,,,,,,,,7.0,1,7.0,no,yes,no,yes,,,,,,,,,,
dunepro,detector,artroot,full-reconstructed,"{'family': 'art', 'name': 'reco', 'version': 'v08_55_02'}",physics,protodune-sp,1412,6636,187000,180,,,,,,,,,,GPUaaS_RITM0997258,,,,,,,,,,,,,,,,,,,,,,,,,,,,,,,,,
dunepro,mc,artroot,full-reconstructed,"{'family': 'art', 'name': 'reco', 'version': 'v08_62_00'}",out1,fardet-sp,3285,2791,1311000,,,,,,,,,,,MC_Summer2020,,,,,,,,RITM0892689,,,,,,,,,,,,,,,,,,,,,,,,,
dunepro,detector,binary,pandora_info,"{'family': 'art', 'name': 'reco', 'version': 'v08_55_02'}",physics,protodune-sp,1605,1494,215216,180,,,,,,,,,,diffusion_RITM0986948,,,,,,,,,,,,,,,,,,,,,,,,,,,,,,,,,
dunepro,detector,artroot,full-reconstructed,"{'family': 'art', 'name': 'reco', 'version': 'v08_55_02'}",physics,protodune-sp,1604,98594,215082,180,,,,,,,,,,diffusion_RITM0986948,,,,,,,,,,,,,,,,,,,,,,,,,,,,,,,,,
dunepro,mc,artroot,full-reconstructed,"{'family': 'art', 'name': 'reco', 'version': 'v09_03_00'}",out1,physics,127,249,1270,,,,,,,,,,,MC_Summer2020,,,protoDUNE SP,35ms,1,1,,RITM1020527,,,,,,,,,1.0,1,1.0,no,yes,no,yes,,,,,,,,,,
dunepro,mc,artroot,full-reconstructed,"{'family': 'art', 'name': 'reco', 'version': 'v09_03_00'}",out1,physics,963,2195,9630,,,,,,,,,,,MC_Summer2020,,,protoDUNE SP,35ms,1,1,,RITM1020527,,,,,,,,,7.0,1,7.0,no,yes,no,yes,,,,,,,,,,
dunepro,detector,artroot,full-reconstructed,"{'family': 'art', 'name': 'reco', 'version': 'v09_09_01'}",physics,protodune-sp,4545,18445,503130,180,,,,,,,,,,PDSPProd4,,,,,,,,,,,,,,,,,7.0,,,,,,,1,,,,,,,,,
dunepro,detector,binary,pandora_info,"{'family': 'art', 'name': 'reco', 'version': 'v09_09_01'}",physics,protodune-sp,545,422,57535,180,,,,,,,,,,PDSPProd4,,,,,,,,,,,,,,,,,7.0,,,,,,,1,,,,,,,,,
dunepro,mc,artroot,detector-simulated,"{'family': 'art', 'name': 'detsim', 'version': 'v09_09_01'}",out1,protodune-sp,29610,66766,296100,,,,,,,,,,,PDSPProd4,,,protoDUNE SP,35ms,1,1,,RITM1036677,,,,,,,,,1.0,1,1.0,no,no,no,no,,beam_cosmics,,,,,,,,
dunepro,mc,artroot,detector-simulated,"{'family': 'art', 'name': 'detsim', 'version': 'v09_09_01'}",out1,protodune-sp,29723,67056,297230,,,,,,,,,,,PDSPProd4,,,protoDUNE SP,35ms,1,1,,RITM1036677,,,,,,,,,1.0,1,1.0,no,yes,no,yes,,beam_cosmics,,,,,,,,
dunepro,mc,artroot,full-reconstructed,"{'family': 'art', 'name': 'reco', 'version': 'v09_09_01'}",out1,protodune-sp,27678,52988,276780,,,,,,,,,,,PDSPProd4,,,protoDUNE SP,35ms,1,1,,RITM1036677,,,,,,,,,1.0,1,1.0,no,yes,no,yes,,beam_cosmics,,,,,,,,
dunepro,mc,artroot,full-reconstructed,"{'family': 'art', 'name': 'reco', 'version': 'v09_09_01'}",out1,protodune-sp,27830,53369,278300,,,,,,,,,,,PDSPProd4,,,protoDUNE SP,35ms,1,1,,RITM1036677,,,,,,,,,1.0,1,1.0,no,no,no,no,,beam_cosmics,,,,,,,,
dunepro,detector,binary,pandora_info,"{'family': 'art', 'name': 'reco', 'version': 'v09_09_01'}",physics,protodune-sp,583,527,78710,180,,,,,,,,,,PDSPProd4,,,,,,,,,,,,,,,,,2.0,,,,,,,1,,,,,,,,,
dunepro,detector,artroot,full-reconstructed,"{'family': 'art', 'name': 'reco', 'version': 'v09_09_01'}",physics,protodune-sp,10535,48365,1419127,180,,,,,,,,,,PDSPProd4,,,,,,,,,,,,,,,,,2.0,,,,,,,1,,,,,,,,,
dunepro,detector,artroot,full-reconstructed,"{'family': 'art', 'name': 'reco', 'version': 'v09_09_01'}",physics,protodune-sp,10045,44580,1302085,180,,,,,,,,,,PDSPProd4,,,,,,,,,,,,,,,,,1.0,,,,,,,1,,,,,,,,,
dunepro,detector,binary,pandora_info,"{'family': 'art', 'name': 'reco', 'version': 'v09_09_01'}",physics,protodune-sp,46582,41892,6134087,180,,,,,,,,,,PDSPProd4,,,,,,,,,,,,,,,,,,,,,,,,,,,,,,,,,
dunepro,detector,binary,pandora_info,"{'family': 'art', 'name': 'reco', 'version': 'v09_09_01'}",physics,protodune-sp,1431,1331,191825,180,,,,,,,,,,PDSPProd4,,,,,,,,,,,,,,,,,3.0,,,,,,,1,,,,,,,,,
dunepro,detector,artroot,full-reconstructed,"{'family': 'art', 'name': 'reco', 'version': 'v09_09_01'}",physics,protodune-sp,6986,33028,932564,180,,,,,,,,,,PDSPProd4,,,,,,,,,,,,,,,,,3.0,,,,,,,1,,,,,,,,,
dunepro,detector,artroot,full-reconstructed,"{'family': 'art', 'name': 'reco', 'version': 'v09_09_01'}",physics,protodune-sp,9724,46800,1301722,180,,,,,,,,,,PDSPProd4,,,,,,,,,,,,,,,,,6.0,,,,,,,1,,,,,,,,,
dunepro,detector,binary,pandora_info,"{'family': 'art', 'name': 'reco', 'version': 'v09_09_01'}",physics,protodune-sp,9102,8583,1218087,180,,,,,,,,,,PDSPProd4,,,,,,,,,,,,,,,,,6.0,,,,,,,1,,,,,,,,,
dunepro,detector,artroot,full-reconstructed,"{'family': 'art', 'name': 'reco', 'version': 'v09_09_01'}",physics,protodune-sp,4211,19688,560979,180,,,,,,,,,,PDSPProd4,,,,,,,,,,,,,,,,,0.5,,,,,,,1,,,,,,,,,
dunepro,detector,binary,pandora_info,"{'family': 'art', 'name': 'reco', 'version': 'v09_09_01'}",physics,protodune-sp,4173,3773,555878,180,,,,,,,,,,PDSPProd4,,,,,,,,,,,,,,,,,0.5,,,,,,,1,,,,,,,,,
dunepro,detector,artroot,full-reconstructed,"{'family': 'art', 'name': 'reco', 'version': 'v09_09_01'}",physics,protodune-sp,3418,16049,460349,180,,,,,,,,,,PDSPProd4,,,,,,,,,,,,,,,,,0.3,,,,,,,1,,,,,,,,,
dunepro,detector,binary,pandora_info,"{'family': 'art', 'name': 'reco', 'version': 'v09_09_01'}",physics,protodune-sp,1305,1198,179254,180,,,,,,,,,,PDSPProd4,,,,,,,,,,,,,,,,,0.3,,,,,,,1,,,,,,,,,
dunepro,mc,artroot,full-reconstructed,"{'family': 'art', 'name': 'reco', 'version': 'v09_09_01'}",out1,protodune-sp,8356,15987,83560,,,,,,,,,,,PDSPProd4,,,protoDUNE SP,35ms,1,1,,RITM1036677,,,,,,,,,0.5,1,0.5,no,yes,no,yes,,beam_cosmics,,,,,,,,
dunepro,mc,artroot,detector-simulated,"{'family': 'art', 'name': 'detsim', 'version': 'v09_09_01'}",out1,protodune-sp,8296,18650,82960,,,,,,,,,,,PDSPProd4,,,protoDUNE SP,35ms,1,1,,RITM1036677,,,,,,,,,0.5,1,0.5,no,no,no,no,,beam_cosmics,,,,,,,,
dunepro,mc,artroot,full-reconstructed,"{'family': 'art', 'name': 'reco', 'version': 'v09_09_01'}",out1,protodune-sp,8374,16037,83740,,,,,,,,,,,PDSPProd4,,,protoDUNE SP,35ms,1,1,,RITM1036677,,,,,,,,,0.5,1,0.5,no,no,no,no,,beam_cosmics,,,,,,,,
dunepro,mc,artroot,detector-simulated,"{'family': 'art', 'name': 'detsim', 'version': 'v09_09_01'}",out1,protodune-sp,8298,18666,82980,,,,,,,,,,,PDSPProd4,,,protoDUNE SP,35ms,1,1,,RITM1036677,,,,,,,,,0.5,1,0.5,no,yes,no,yes,,beam_cosmics,,,,,,,,
dunepro,detector,artroot,full-reconstructed,"{'family': 'art', 'name': 'reco', 'version': 'v09_09_01'}",physics,protodune-sp,6098,22199,654158,140,,,,,,,,,,PDSPProd4,,,,,,,,,,,,,,,,,1.0,,,,,,,1,,,,,,,,,
dunepro,detector,artroot,full-reconstructed,"{'family': 'art', 'name': 'reco', 'version': 'v09_09_01'}",physics,protodune-sp,455,1603,47638,160,,,,,,,,,,PDSPProd4,,,,,,,,,,,,,,,,,1.0,,,,,,,1,,,,,,,,,
dunepro,detector,artroot,full-reconstructed,"{'family': 'art', 'name': 'reco', 'version': 'v09_09_01'}",physics,protodune-sp,76,262,7526,130,,,,,,,,,,PDSPProd4,,,,,,,,,,,,,,,,,1.0,,,,,,,1,,,,,,,,,
dunepro,mc,artroot,detector-simulated,"{'family': 'art', 'name': 'detsim', 'version': 'v09_09_01'}",out1,protodune-sp,120266,294819,1202660,,,,,,,,,,,PDSPProd4,,,protoDUNE SP,35ms,1,1,,RITM1036677,,,,,,,,,6.0,1,6.0,no,no,no,no,,beam_cosmics,,,,,,,,
dunepro,mc,artroot,full-reconstructed,"{'family': 'art', 'name': 'reco', 'version': 'v09_09_01'}",out1,protodune-sp,124080,267909,1240800,,,,,,,,,,,PDSPProd4,,,protoDUNE SP,35ms,1,1,,RITM1036677,,,,,,,,,6.0,1,6.0,no,yes,no,yes,,beam_cosmics,,,,,,,,
dunepro,mc,artroot,detector-simulated,"{'family': 'art', 'name': 'detsim', 'version': 'v09_09_01'}",out1,protodune-sp,120367,295102,1203670,,,,,,,,,,,PDSPProd4,,,protoDUNE SP,35ms,1,1,,RITM1036677,,,,,,,,,6.0,1,6.0,no,yes,no,yes,,beam_cosmics,,,,,,,,
dunepro,mc,artroot,full-reconstructed,"{'family': 'art', 'name': 'reco', 'version': 'v09_09_01'}",out1,protodune-sp,123660,267653,1236600,,,,,,,,,,,PDSPProd4,,,protoDUNE SP,35ms,1,1,,RITM1036677,,,,,,,,,6.0,1,6.0,no,no,no,no,,beam_cosmics,,,,,,,,
dunepro,detector,artroot,full-reconstructed,"{'family': 'art', 'name': 'reco', 'version': 'v09_09_01'}",physics,protodune-sp,158,549,15787,175,,,,,,,,,,PDSPProd4,,,,,,,,,,,,,,,,,1.0,,,,,,,1,,,,,,,,,
dunepro,mc,binary,pandora_info,"{'family': 'art', 'name': 'reco', 'version': 'v09_09_01'}",out1,protodune-sp,116256,9465,1162560,,,,,,,,,,,PDSPProd4,,,protoDUNE SP,35ms,1,1,,RITM1036677,,,,,,,,,6.0,1,6.0,no,yes,no,yes,,beam_cosmics,,,,,,,,
dunepro,mc,binary,pandora_info,"{'family': 'art', 'name': 'reco', 'version': 'v09_09_01'}",out1,protodune-sp,116128,9680,1161280,,,,,,,,,,,PDSPProd4,,,protoDUNE SP,35ms,1,1,,RITM1036677,,,,,,,,,6.0,1,6.0,no,no,no,no,,beam_cosmics,,,,,,,,
dunepro,mc,binary,pandora_info,"{'family': 'art', 'name': 'reco', 'version': 'v09_09_01'}",out1,protodune-sp,8019,559,80190,,,,,,,,,,,PDSPProd4,,,protoDUNE SP,35ms,1,1,,RITM1036677,,,,,,,,,0.5,1,0.5,no,yes,no,yes,,beam_cosmics,,,,,,,,
dunepro,mc,binary,pandora_info,"{'family': 'art', 'name': 'reco', 'version': 'v09_09_01'}",out1,protodune-sp,8019,568,80190,,,,,,,,,,,PDSPProd4,,,protoDUNE SP,35ms,1,1,,RITM1036677,,,,,,,,,0.5,1,0.5,no,no,no,no,,beam_cosmics,,,,,,,,
dunepro,mc,binary,pandora_info,"{'family': 'art', 'name': 'reco', 'version': 'v09_09_01'}",out1,protodune-sp,27351,1912,273510,,,,,,,,,,,PDSPProd4,,,protoDUNE SP,35ms,1,1,,RITM1036677,,,,,,,,,1.0,1,1.0,no,yes,no,yes,,beam_cosmics,,,,,,,,
dunepro,mc,binary,pandora_info,"{'family': 'art', 'name': 'reco', 'version': 'v09_09_01'}",out1,protodune-sp,27596,1966,275960,,,,,,,,,,,PDSPProd4,,,protoDUNE SP,35ms,1,1,,RITM1036677,,,,,,,,,1.0,1,1.0,no,no,no,no,,beam_cosmics,,,,,,,,
dunepro,detector,binary,pandora_info,"{'family': 'art', 'name': 'reco', 'version': 'v09_09_01'}",physics,protodune-sp,778,551,83540,140,,,,,,,,,,PDSPProd4,,,,,,,,,,,,,,,,,,,,,,,,,,,,,,,,,
dunepro,mc,artroot,full-reconstructed,"{'family': 'art', 'name': 'reco', 'version': 'v09_10_02'}",out1,fardet-sp,56940,39687,17808300,,,,,,,,,,,MC_Summer2020,,,,,,,,RITM0892689,,,,,,,,,,,,,,,,,,,,,,,,,
dunepro,detector,unknown,raw,"{'family': 'art', 'name': 'dune-artdaq', 'version': 'v2019_11_25_develop_fixed_crtgen'}",test,protodune-sp,36705,144780,2976321,,18-Jul-2019-01:37:59-UTC,v2019_07_17_protoDFO_testing,13-Nov-2019-20:58:24-UTC,v2019_11_13_dune_artdaq_October2019,25-Nov-2019-17:09:41-UTC,v2019_11_25_develop_fixed_crtgen,25-Nov-2019-17:09:37-UTC,v2019_08_29_for_dune-artdaq_self_trigger_and_felix,,,,,,,,,,,,,,,,,,,,,,,,,,,,,,,,,,,
dunepro,mc,artroot,full-reconstructed,"{'family': 'art', 'name': 'garsoft', 'version': 'v02_04_00'}",,neardet,32,39,9600,,,,,,,,,,,trj_mpd_dec2019,,,,,,,,,GENIE,1,MPD_ECalOctagon_60l_UniformMagnet.gdml,nue_dec2019_mpd_tpc_g4lbne_v3r2p4b_FHC_ND_RIK,"12, -12",volGArTPC,300.0,0.0,,,,,,,,,,,,,,,,,
dunepro,detector,unknown,raw,"{'family': 'art', 'name': 'dune-artdaq', 'version': 'v2019_11_25_develop_fixed_crtgen'}",cosmics,protodune-sp,204977,831925,22411160,,18-Jul-2019-01:37:59-UTC,v2019_07_17_protoDFO_testing,13-Nov-2019-20:58:24-UTC,v2019_11_13_dune_artdaq_October2019,25-Nov-2019-17:09:41-UTC,v2019_11_25_develop_fixed_crtgen,25-Nov-2019-17:09:37-UTC,v2019_08_29_for_dune-artdaq_self_trigger_and_felix,,,,,,,,,,,,,,,,,,,,,,,,,,,,,,,,,,,
dunepro,detector,unknown,raw,"{'family': 'art', 'name': 'dune-artdaq', 'version': 'v2019_11_25_develop_fixed_crtgen'}",cosmics,protodune-sp,62804,260111,2087409,180,18-Jul-2019-01:37:59-UTC,v2019_07_17_protoDFO_testing,13-Nov-2019-20:58:24-UTC,v2019_11_13_dune_artdaq_October2019,25-Nov-2019-17:09:41-UTC,v2019_11_25_develop_fixed_crtgen,25-Nov-2019-17:09:37-UTC,v2019_08_29_for_dune-artdaq_self_trigger_and_felix,,,,,,,,,,,,,,,,,,,,,,,,,,,,,,,,,,,
dunepro,mc,artroot,full-reconstructed,"{'family': 'art', 'name': 'reco', 'version': 'v08_35_00'}",out1,fardet-sp,126054,19329,3151350,,,,,,,,,,,NERSCtest,,,,,,,,,,,,,,,,,,,,,,,,,,,,,,,,,
dunepro,detector,artroot,full-reconstructed,"{'family': 'art', 'name': 'reco', 'version': 'v08_27_01_01'}",cosmics,protodune-sp,54248,39539,1897400,180,,,,,,,,,,keepup_v08_27_01,,,,,,,,,,,,,,,,,,,,,,,,,,,,,,,,,
dunepro,detector,unknown,raw,"{'family': 'art', 'name': 'dune-artdaq', 'version': 'v2019_11_25_develop_fixed_crtgen'}",test,protodune-sp,4373,17951,139249,180,18-Jul-2019-01:37:59-UTC,v2019_07_17_protoDFO_testing,13-Nov-2019-20:58:24-UTC,v2019_11_13_dune_artdaq_October2019,25-Nov-2019-17:09:41-UTC,v2019_11_25_develop_fixed_crtgen,25-Nov-2019-17:09:37-UTC,v2019_08_29_for_dune-artdaq_self_trigger_and_felix,,,,,,,,,,,,,,,,,,,,,,,,,,,,,,,,,,,
dunepro,detector,artroot,hit-reconstructed,"{'family': 'art', 'name': 'reco', 'version': 'v08_33_00'}",cosmics,protodune-dp,12664,8595,378099,,,,,,,,,,,NP02_run2019,,,,,,,,,,,,,,,,,,,,,,,,,,,,,,,,,
dunepro,mc,artroot,detector-simulated,"{'family': 'art', 'name': 'detsim', 'version': 'v09_09_01'}",out1,protodune-sp,28952,65455,289520,,,,,,,,,,,PDSPProd4,,,protoDUNE SP,35ms,1,1,,RITM1036677,,,,,,,,,1.0,1,1.0,no,no,no,no,,beam_cosmics_datadriven,,,,,,,,
dunepro,mc,artroot,detector-simulated,"{'family': 'art', 'name': 'detsim', 'version': 'v09_09_01'}",out1,protodune-sp,28877,65319,288770,,,,,,,,,,,PDSPProd4,,,protoDUNE SP,35ms,1,1,,RITM1036677,,,,,,,,,1.0,1,1.0,no,yes,no,yes,,beam_cosmics_datadriven,,,,,,,,
dunepro,mc,binary,pandora_info,"{'family': 'art', 'name': 'reco', 'version': 'v09_09_01'}",out1,protodune-sp,27924,1999,279240,,,,,,,,,,,PDSPProd4,,,protoDUNE SP,35ms,1,1,,RITM1036677,,,,,,,,,1.0,1,1.0,no,no,no,no,,beam_cosmics_datadriven,,,,,,,,
dunepro,mc,artroot,full-reconstructed,"{'family': 'art', 'name': 'reco', 'version': 'v09_09_01'}",out1,protodune-sp,27821,53511,278210,,,,,,,,,,,PDSPProd4,,,protoDUNE SP,35ms,1,1,,RITM1036677,,,,,,,,,1.0,1,1.0,no,yes,no,yes,,beam_cosmics_datadriven,,,,,,,,
dunepro,mc,artroot,full-reconstructed,"{'family': 'art', 'name': 'reco', 'version': 'v09_09_01'}",out1,protodune-sp,27905,53759,279050,,,,,,,,,,,PDSPProd4,,,protoDUNE SP,35ms,1,1,,RITM1036677,,,,,,,,,1.0,1,1.0,no,no,no,no,,beam_cosmics_datadriven,,,,,,,,
dunepro,mc,binary,pandora_info,"{'family': 'art', 'name': 'reco', 'version': 'v09_09_01'}",out1,protodune-sp,27817,1955,278170,,,,,,,,,,,PDSPProd4,,,protoDUNE SP,35ms,1,1,,RITM1036677,,,,,,,,,1.0,1,1.0,no,yes,no,yes,,beam_cosmics_datadriven,,,,,,,,
dunepro,mc,artroot,full-reconstructed,"{'family': 'art', 'name': 'reco', 'version': 'v09_10_02'}",out1,fardet-sp,56940,39687,17808300,,,,,,,,,,,MC_Summer2020,,,,,,,,RITM0892689,,,,,,,,,,,,,,,,,,,,,,,,,
dunepro,mc,artroot,detector-simulated,"{'family': 'art', 'name': 'detsim', 'version': 'v09_09_01'}",out1,protodune-sp,8450,19101,84500,,,,,,,,,,,PDSPProd4,,,protoDUNE SP,35ms,1,1,,RITM1036677,,,,,,,,,0.5,1,0.5,no,yes,no,yes,,beam_cosmics_datadriven,,,,,,,,
dunepro,mc,binary,pandora_info,"{'family': 'art', 'name': 'reco', 'version': 'v09_09_01'}",out1,protodune-sp,8181,573,81810,,,,,,,,,,,PDSPProd4,,,protoDUNE SP,35ms,1,1,,RITM1036677,,,,,,,,,0.5,1,0.5,no,yes,no,yes,,beam_cosmics_datadriven,,,,,,,,
dunepro,mc,artroot,detector-simulated,"{'family': 'art', 'name': 'detsim', 'version': 'v09_09_01'}",out1,protodune-sp,8438,19061,84380,,,,,,,,,,,PDSPProd4,,,protoDUNE SP,35ms,1,1,,RITM1036677,,,,,,,,,0.5,1,0.5,no,no,no,no,,beam_cosmics_datadriven,,,,,,,,
dunepro,mc,artroot,full-reconstructed,"{'family': 'art', 'name': 'reco', 'version': 'v09_09_01'}",out1,protodune-sp,8246,15889,82460,,,,,,,,,,,PDSPProd4,,,protoDUNE SP,35ms,1,1,,RITM1036677,,,,,,,,,0.5,1,0.5,no,no,no,no,,beam_cosmics_datadriven,,,,,,,,
dunepro,mc,artroot,full-reconstructed,"{'family': 'art', 'name': 'reco', 'version': 'v09_09_01'}",out1,protodune-sp,8240,15859,82400,,,,,,,,,,,PDSPProd4,,,protoDUNE SP,35ms,1,1,,RITM1036677,,,,,,,,,0.5,1,0.5,no,yes,no,yes,,beam_cosmics_datadriven,,,,,,,,
dunepro,mc,binary,pandora_info,"{'family': 'art', 'name': 'reco', 'version': 'v09_09_01'}",out1,protodune-sp,8196,584,81960,,,,,,,,,,,PDSPProd4,,,protoDUNE SP,35ms,1,1,,RITM1036677,,,,,,,,,0.5,1,0.5,no,no,no,no,,beam_cosmics_datadriven,,,,,,,,
dunepro,detector,artroot,full-reconstructed,"{'family': 'art', 'name': 'reco', 'version': 'v09_09_01'}",physics,protodune-sp,10045,44580,1302085,180,,,,,,,,,,PDSPProd4,,,,,,,,,,,,,,,,,1.0,,,,,,,1,,,,,,,,,
dunepro,detector,binary,pandora_info,"{'family': 'art', 'name': 'reco', 'version': 'v09_09_01'}",physics,protodune-sp,46582,41892,6134087,180,,,,,,,,,,PDSPProd4,,,,,,,,,,,,,,,,,,,,,,,,,,,,,,,,,
dunepro,mc,artroot,detector-simulated,"{'family': 'art', 'name': 'detsim', 'version': 'v09_09_01'}",out1,protodune-sp,124591,305380,1245910,,,,,,,,,,,PDSPProd4,,,protoDUNE SP,35ms,1,1,,RITM1036677,,,,,,,,,6.0,1,6.0,no,yes,no,yes,,beam_cosmics_datadriven,,,,,,,,
dunepro,mc,artroot,detector-simulated,"{'family': 'art', 'name': 'detsim', 'version': 'v09_09_01'}",out1,protodune-sp,124425,304949,1244250,,,,,,,,,,,PDSPProd4,,,protoDUNE SP,35ms,1,1,,RITM1036677,,,,,,,,,6.0,1,6.0,no,no,no,no,,beam_cosmics_datadriven,,,,,,,,
dunepro,mc,artroot,full-reconstructed,"{'family': 'art', 'name': 'reco', 'version': 'v09_09_01'}",out1,protodune-sp,122362,263683,1223620,,,,,,,,,,,PDSPProd4,,,protoDUNE SP,35ms,1,1,,RITM1036677,,,,,,,,,6.0,1,6.0,no,yes,no,yes,,beam_cosmics_datadriven,,,,,,,,
dunepro,mc,artroot,full-reconstructed,"{'family': 'art', 'name': 'reco', 'version': 'v09_09_01'}",out1,protodune-sp,122447,264617,1224470,,,,,,,,,,,PDSPProd4,,,protoDUNE SP,35ms,1,1,,RITM1036677,,,,,,,,,6.0,1,6.0,no,no,no,no,,beam_cosmics_datadriven,,,,,,,,
dunepro,mc,binary,pandora_info,"{'family': 'art', 'name': 'reco', 'version': 'v09_09_01'}",out1,protodune-sp,122225,9933,1222250,,,,,,,,,,,PDSPProd4,,,protoDUNE SP,35ms,1,1,,RITM1036677,,,,,,,,,6.0,1,6.0,no,yes,no,yes,,beam_cosmics_datadriven,,,,,,,,
dunepro,mc,binary,pandora_info,"{'family': 'art', 'name': 'reco', 'version': 'v09_09_01'}",out1,protodune-sp,122438,10192,1224380,,,,,,,,,,,PDSPProd4,,,protoDUNE SP,35ms,1,1,,RITM1036677,,,,,,,,,6.0,1,6.0,no,no,no,no,,beam_cosmics_datadriven,,,,,,,,
dunepro,detector,artroot,full-reconstructed,"{'family': 'art', 'name': 'reco', 'version': 'v08_27_01_01'}",cosmics,protodune-sp,54248,39539,1897400,180,,,,,,,,,,keepup_v08_27_01,,,,,,,,,,,,,,,,,,,,,,,,,,,,,,,,,
dunepro,detector,artroot,full-reconstructed,"{'family': 'art', 'name': 'reco', 'version': 'v09_09_01'}",physics,protodune-sp,3418,16049,460349,180,,,,,,,,,,PDSPProd4,,,,,,,,,,,,,,,,,0.3,,,,,,,1,,,,,,,,,
dunepro,mc,artroot,detector-simulated,"{'family': 'art', 'name': 'detsim', 'version': 'v09_09_01'}",out1,protodune-sp,4581,10340,45810,,,,,,,,,,,PDSPProd4,,,protoDUNE SP,35ms,1,1,,RITM1036677,,,,,,,,,0.3,1,0.3,no,no,no,no,,beam_cosmics,,,,,,,,
dunepro,mc,binary,pandora_info,"{'family': 'art', 'name': 'reco', 'version': 'v09_09_01'}",out1,protodune-sp,4583,320,45830,,,,,,,,,,,PDSPProd4,,,protoDUNE SP,35ms,1,1,,RITM1036677,,,,,,,,,0.3,1,0.3,no,yes,no,yes,,beam_cosmics,,,,,,,,
dunepro,mc,artroot,detector-simulated,"{'family': 'art', 'name': 'detsim', 'version': 'v09_09_01'}",out1,protodune-sp,4592,10372,45920,,,,,,,,,,,PDSPProd4,,,protoDUNE SP,35ms,1,1,,RITM1036677,,,,,,,,,0.3,1,0.3,no,yes,no,yes,,beam_cosmics,,,,,,,,
dunepro,mc,artroot,full-reconstructed,"{'family': 'art', 'name': 'reco', 'version': 'v09_09_01'}",out1,protodune-sp,4583,8825,45830,,,,,,,,,,,PDSPProd4,,,protoDUNE SP,35ms,1,1,,RITM1036677,,,,,,,,,0.3,1,0.3,no,no,no,no,,beam_cosmics,,,,,,,,
dunepro,mc,artroot,full-reconstructed,"{'family': 'art', 'name': 'reco', 'version': 'v09_09_01'}",out1,protodune-sp,4593,8837,45930,,,,,,,,,,,PDSPProd4,,,protoDUNE SP,35ms,1,1,,RITM1036677,,,,,,,,,0.3,1,0.3,no,yes,no,yes,,beam_cosmics,,,,,,,,
dunepro,mc,binary,pandora_info,"{'family': 'art', 'name': 'reco', 'version': 'v09_09_01'}",out1,protodune-sp,4583,326,45830,,,,,,,,,,,PDSPProd4,,,protoDUNE SP,35ms,1,1,,RITM1036677,,,,,,,,,0.3,1,0.3,no,no,no,no,,beam_cosmics,,,,,,,,
dunepro,detector,artroot,full-reconstructed,"{'family': 'art', 'name': 'reco', 'version': 'v08_55_02'}",physics,protodune-sp,1412,6636,187000,180,,,,,,,,,,GPUaaS_RITM0997258,,,,,,,,,,,,,,,,,,,,,,,,,,,,,,,,,
dunepro,detector,binary,pandora_info,"{'family': 'art', 'name': 'reco', 'version': 'v08_55_02'}",physics,protodune-sp,516,471,68044,180,,,,,,,,,,GPUaaS_RITM0997258,,,,,,,,,,,,,,,,,,,,,,,,,,,,,,,,,
dunepro,detector,artroot,full-reconstructed,"{'family': 'art', 'name': 'reco', 'version': 'v09_09_01'}",physics,protodune-sp,10535,48365,1419127,180,,,,,,,,,,PDSPProd4,,,,,,,,,,,,,,,,,2.0,,,,,,,1,,,,,,,,,
dunepro,mc,artroot,detector-simulated,"{'family': 'art', 'name': 'detsim', 'version': 'v09_17_01'}",out1,protodune-sp,766,1717,7660,,,,,,,,,,,MC_Winter2021,,,protoDUNE SP,35ms,1,1,,RITM1086087,,,,,,,,,1.0,1,1.0,no,no,no,no,,beam_cosmics,,,,,,,,
dunepro,mc,artroot,full-reconstructed,"{'family': 'art', 'name': 'reco', 'version': 'v09_17_01'}",out1,protodune-sp,764,1454,7640,,,,,,,,,,,MC_Winter2021,,,protoDUNE SP,35ms,1,1,,RITM1086087,,,,,,,,,1.0,1,1.0,no,yes,no,yes,,beam_cosmics,,,,,,,,
dunepro,mc,artroot,full-reconstructed,"{'family': 'art', 'name': 'reco', 'version': 'v09_17_01'}",out1,protodune-sp,762,1453,7620,,,,,,,,,,,MC_Winter2021,,,protoDUNE SP,35ms,1,1,,RITM1086087,,,,,,,,,1.0,1,1.0,no,no,no,no,,beam_cosmics,,,,,,,,
dunepro,mc,artroot,detector-simulated,"{'family': 'art', 'name': 'detsim', 'version': 'v09_17_01'}",out1,protodune-sp,767,1720,7670,,,,,,,,,,,MC_Winter2021,,,protoDUNE SP,35ms,1,1,,RITM1086087,,,,,,,,,1.0,1,1.0,no,yes,no,yes,,beam_cosmics,,,,,,,,
dunepro,detector,artroot,full-reconstructed,"{'family': 'art', 'name': 'reco', 'version': 'v09_17_01'}",cosmics,protodune-dp,1015,700,30291,,,,,,,,,,,NP02_keepup_March2021,,,,,,,,,,,,,,,,,,,,,,,,,,,,,,,,,
dunepro,detector,artroot,full-reconstructed,"{'family': 'art', 'name': 'reco', 'version': 'v09_09_01'}",physics,protodune-sp,6986,33028,932564,180,,,,,,,,,,PDSPProd4,,,,,,,,,,,,,,,,,3.0,,,,,,,1,,,,,,,,,
dunepro,mc,binary,pandora_info,"{'family': 'art', 'name': 'reco', 'version': 'v09_17_01'}",out1,protodune-sp,501,34,5010,,,,,,,,,,,MC_Winter2021,,,protoDUNE SP,35ms,1,1,,RITM1086087,,,,,,,,,1.0,1,1.0,no,yes,no,yes,,beam_cosmics,,,,,,,,
dunepro,mc,binary,pandora_info,"{'family': 'art', 'name': 'reco', 'version': 'v09_17_01'}",out1,protodune-sp,501,35,5010,,,,,,,,,,,MC_Winter2021,,,protoDUNE SP,35ms,1,1,,RITM1086087,,,,,,,,,1.0,1,1.0,no,no,no,no,,beam_cosmics,,,,,,,,
dunepro,detector,artroot,full-reconstructed,"{'family': 'art', 'name': 'reco', 'version': 'v09_09_01'}",physics,protodune-sp,4545,18445,503130,180,,,,,,,,,,PDSPProd4,,,,,,,,,,,,,,,,,7.0,,,,,,,1,,,,,,,,,
dunepro,detector,artroot,full-reconstructed,"{'family': 'art', 'name': 'reco', 'version': 'v08_27_01_01'}",cosmics,protodune-sp,55388,41888,1951474,,,,,,,,,,,keepup_v08_27_01,,,,,,,,,,,,,,,,,,,,,,,,,,,,,,,,,
dunepro,detector,binary,pandora_info,"{'family': 'art', 'name': 'reco', 'version': 'v09_09_01'}",physics,protodune-sp,338,254,36140,160,,,,,,,,,,PDSPProd4,,,,,,,,,,,,,,,,,,,,,,,,,,,,,,,,,
dunepro,detector,artroot,full-reconstructed,"{'family': 'art', 'name': 'reco', 'version': 'v09_09_01'}",physics,protodune-sp,298,1170,31828,160,,,,,,,,,,PDSPProd4,,,,,,,,,,,,,,,,,7.0,,,,,,,1,,,,,,,,,
dunepro,detector,artroot,full-reconstructed,"{'family': 'art', 'name': 'reco', 'version': 'v09_09_01'}",physics,protodune-sp,920,3705,97288,150,,,,,,,,,,PDSPProd4,,,,,,,,,,,,,,,,,7.0,,,,,,,1,,,,,,,,,
dunepro,detector,binary,pandora_info,"{'family': 'art', 'name': 'reco', 'version': 'v09_09_01'}",physics,protodune-sp,917,717,96967,150,,,,,,,,,,PDSPProd4,,,,,,,,,,,,,,,,,,,,,,,,,,,,,,,,,
dunepro,detector,artroot,full-reconstructed,"{'family': 'art', 'name': 'reco', 'version': 'v09_09_01'}",physics,protodune-sp,778,3209,82459,130,,,,,,,,,,PDSPProd4,,,,,,,,,,,,,,,,,7.0,,,,,,,1,,,,,,,,,
dunepro,detector,binary,pandora_info,"{'family': 'art', 'name': 'reco', 'version': 'v09_09_01'}",physics,protodune-sp,776,622,82245,130,,,,,,,,,,PDSPProd4,,,,,,,,,,,,,,,,,,,,,,,,,,,,,,,,,
dunepro,detector,artroot,full-reconstructed,"{'family': 'art', 'name': 'reco', 'version': 'v09_09_01'}",cosmics,protodune-sp,230,1051,31064,180,,,,,,,,,,RITM1103733,,,,,,,,,,,,,,,,,,,,,,,,,,,,,,,,,
dunepro,detector,binary,pandora_info,"{'family': 'art', 'name': 'reco', 'version': 'v09_09_01'}",physics,protodune-sp,229,202,30927,180,,,,,,,,,,RITM1103733,,,,,,,,,,,,,,,,,,,,,,,,,,,,,,,,,
dunepro,mc,binary,pandora_info,"{'family': 'art', 'name': 'reco', 'version': 'v09_17_01'}",out1,protodune-sp,30679,2183,306790,,,,,,,,,,,PDSPProd4a,,,protoDUNE SP,35ms,1,1,,RITM1115963,,,,,,,,,1.0,1,1.0,no,no,no,no,,beam_cosmics,,,,,,,,
dunepro,mc,binary,pandora_info,"{'family': 'art', 'name': 'reco', 'version': 'v09_17_01'}",out1,protodune-sp,30773,2147,307730,,,,,,,,,,,PDSPProd4a,,,protoDUNE SP,35ms,1,1,,RITM1115963,,,,,,,,,1.0,1,1.0,no,yes,no,yes,,beam_cosmics,,,,,,,,
dunepro,mc,artroot,detector-simulated,"{'family': 'art', 'name': 'detsim', 'version': 'v09_17_01'}",out1,protodune-sp,68945,156048,689450,,,,,,,,,,,PDSPProd4a,,,protoDUNE SP,35ms,1,1,,RITM1115963,,,,,,,,,1.0,1,1.0,no,no,no,no,,beam_cosmics,,,,,,,,
dunepro,mc,artroot,detector-simulated,"{'family': 'art', 'name': 'detsim', 'version': 'v09_17_01'}",out1,protodune-sp,69030,156274,690300,,,,,,,,,,,PDSPProd4a,,,protoDUNE SP,35ms,1,1,,RITM1115963,,,,,,,,,1.0,1,1.0,no,yes,no,yes,,beam_cosmics,,,,,,,,
dunepro,mc,artroot,full-reconstructed,"{'family': 'art', 'name': 'reco', 'version': 'v09_17_01'}",out1,protodune-sp,69120,133354,691200,,,,,,,,,,,PDSPProd4a,,,protoDUNE SP,35ms,1,1,,RITM1115963,,,,,,,,,1.0,1,1.0,no,yes,no,yes,,beam_cosmics,,,,,,,,
dunepro,mc,artroot,full-reconstructed,"{'family': 'art', 'name': 'reco', 'version': 'v09_17_01'}",out1,protodune-sp,69003,133401,690030,,,,,,,,,,,PDSPProd4a,,,protoDUNE SP,35ms,1,1,,RITM1115963,,,,,,,,,1.0,1,1.0,no,no,no,no,,beam_cosmics,,,,,,,,
dunepro,mc,artroot,detector-simulated,"{'family': 'art', 'name': 'detsim', 'version': 'v09_17_01'}",out1,protodune-sp,72625,179914,726250,,,,,,,,,,,PDSPProd4a,,,protoDUNE SP,35ms,1,1,,RITM1129142,,,,,,,,,6.0,1,6.0,no,no,no,no,,beam_cosmics_datadriven,,,,,,,,
dunepro,mc,artroot,full-reconstructed,"{'family': 'art', 'name': 'reco', 'version': 'v09_17_01'}",out1,protodune-sp,70527,154448,705270,,,,,,,,,,,PDSPProd4a,,,protoDUNE SP,35ms,1,1,,RITM1129142,,,,,,,,,6.0,1,6.0,no,no,no,no,,beam_cosmics_datadriven,,,,,,,,
dunepro,mc,artroot,detector-simulated,"{'family': 'art', 'name': 'detsim', 'version': 'v09_17_01'}",out1,protodune-sp,72657,179936,726570,,,,,,,,,,,PDSPProd4a,,,protoDUNE SP,35ms,1,1,,RITM1129142,,,,,,,,,6.0,1,6.0,no,yes,no,yes,,beam_cosmics_datadriven,,,,,,,,
dunepro,mc,artroot,full-reconstructed,"{'family': 'art', 'name': 'reco', 'version': 'v09_17_01'}",out1,protodune-sp,70569,154000,705690,,,,,,,,,,,PDSPProd4a,,,protoDUNE SP,35ms,1,1,,RITM1129142,,,,,,,,,6.0,1,6.0,no,yes,no,yes,,beam_cosmics_datadriven,,,,,,,,
dunepro,detector,artroot,full-reconstructed,"{'family': 'art', 'name': 'reco', 'version': 'v08_55_02'}",cosmics,protodune-sp,35668,507536,1214212,180,,,,,,,,,,diffusion_RITM1131173,,,,,,,,,,,,,,,,,,,,,,,,,,,,,,,,,
dunepro,mc,artroot,full-reconstructed,"{'family': 'art', 'name': 'reco', 'version': 'v09_17_01'}",out1,protodune-sp,18361,36029,183610,,,,,,,,,,,PDSPProd4a,,,protoDUNE SP,35ms,1,1,,RITM1146449,,,,,,,,,2.0,1,2.0,no,yes,no,yes,,beam_cosmics,,,,,,,,
dunepro,mc,artroot,full-reconstructed,"{'family': 'art', 'name': 'reco', 'version': 'v09_17_01'}",out1,protodune-sp,17904,35210,179040,,,,,,,,,,,PDSPProd4a,,,protoDUNE SP,35ms,1,1,,RITM1146449,,,,,,,,,2.0,1,2.0,no,no,no,no,,beam_cosmics,,,,,,,,
dunepro,mc,artroot,detector-simulated,"{'family': 'art', 'name': 'detsim', 'version': 'v09_17_01'}",out1,protodune-sp,18025,41285,180250,,,,,,,,,,,PDSPProd4a,,,protoDUNE SP,35ms,1,1,,RITM1146449,,,,,,,,,2.0,1,2.0,no,no,no,no,,beam_cosmics,,,,,,,,
dunepro,mc,artroot,detector-simulated,"{'family': 'art', 'name': 'detsim', 'version': 'v09_17_01'}",out1,protodune-sp,18493,42362,184930,,,,,,,,,,,PDSPProd4a,,,protoDUNE SP,35ms,1,1,,RITM1146449,,,,,,,,,2.0,1,2.0,no,yes,no,yes,,beam_cosmics,,,,,,,,
dunepro,mc,artroot,detector-simulated,"{'family': 'art', 'name': 'detsim', 'version': 'v09_17_01'}",out1,protodune-sp,27345,69147,273450,,,,,,,,,,,PDSPProd4a,,,protoDUNE SP,35ms,1,1,,RITM1150297,,,,,,,,,7.0,1,7.0,no,no,no,no,,beam_cosmics,,,,,,,,
dunepro,mc,artroot,detector-simulated,"{'family': 'art', 'name': 'detsim', 'version': 'v09_17_01'}",out1,protodune-sp,27391,69237,273910,,,,,,,,,,,PDSPProd4a,,,protoDUNE SP,35ms,1,1,,RITM1150297,,,,,,,,,7.0,1,7.0,no,yes,no,yes,,beam_cosmics,,,,,,,,
dunepro,mc,artroot,full-reconstructed,"{'family': 'art', 'name': 'reco', 'version': 'v09_17_01'}",out1,protodune-sp,27285,61206,272850,,,,,,,,,,,PDSPProd4a,,,protoDUNE SP,35ms,1,1,,RITM1150297,,,,,,,,,7.0,1,7.0,no,yes,no,yes,,beam_cosmics,,,,,,,,
dunepro,mc,artroot,full-reconstructed,"{'family': 'art', 'name': 'reco', 'version': 'v09_17_01'}",out1,protodune-sp,27258,61374,272580,,,,,,,,,,,PDSPProd4a,,,protoDUNE SP,35ms,1,1,,RITM1150297,,,,,,,,,7.0,1,7.0,no,no,no,no,,beam_cosmics,,,,,,,,
dunepro,mc,artroot,full-reconstructed,"{'family': 'art', 'name': 'reco', 'version': 'v09_10_02'}",out1,fardet-sp,4710,2314,888125,,,,,,,,,,,MC_Summer2021,,,,,,,,RITM1149890,,,,,,,,,,,,,,,,,,,,,,,,,
dunepro,detector,artroot,reco-recalibrated,"{'family': 'art', 'name': 'reco', 'version': 'v09_22_03_01'}",physics,protodune-sp,16066,78780,2098445,180,,,,,,,,,,PDSPProd4,,,,,,,,,,,,,,,,,,,,,,,,,,,,,,,,,
dunepro,mc,artroot,detector-simulated,"{'family': 'art', 'name': 'detsim', 'version': 'v09_17_01'}",out1,protodune-sp,5390,11243,53900,,,,,,,,,,,RITM1147082,,,protoDUNE SP,35ms,1,1,,RITM1147082,,,,,,,,,1.0,1,1.0,no,yes,no,yes,,beam_cosmics,,,,,,,,
dunepro,mc,artroot,full-reconstructed,"{'family': 'art', 'name': 'reco', 'version': 'v09_17_01'}",out1,protodune-sp,5128,9064,51280,,,,,,,,,,,RITM1147082,,,protoDUNE SP,35ms,1,1,,RITM1147082,,,,,,,,,1.0,1,1.0,no,yes,no,yes,,beam_cosmics,,,,,,,,
dunepro,mc,artroot,detector-simulated,"{'family': 'art', 'name': 'detsim', 'version': 'v09_17_01'}",out1,protodune-sp,4567,10315,45670,,,,,,,,,,,PDSPProd4a,,,protoDUNE SP,35ms,1,1,,RITM1187486,,,,,,,,,0.3,1,0.3,no,no,no,no,,beam_cosmics,,,,,,,,
dunepro,mc,artroot,detector-simulated,"{'family': 'art', 'name': 'detsim', 'version': 'v09_17_01'}",out1,protodune-sp,4570,10325,45700,,,,,,,,,,,PDSPProd4a,,,protoDUNE SP,35ms,1,1,,RITM1187486,,,,,,,,,0.3,1,0.3,no,yes,no,yes,,beam_cosmics,,,,,,,,
dunepro,mc,artroot,full-reconstructed,"{'family': 'art', 'name': 'reco', 'version': 'v09_17_01'}",out1,protodune-sp,4553,8759,45530,,,,,,,,,,,PDSPProd4a,,,protoDUNE SP,35ms,1,1,,RITM1187486,,,,,,,,,0.3,1,0.3,no,yes,no,yes,,beam_cosmics,,,,,,,,
dunepro,mc,artroot,full-reconstructed,"{'family': 'art', 'name': 'reco', 'version': 'v09_17_01'}",out1,protodune-sp,4546,8759,45460,,,,,,,,,,,PDSPProd4a,,,protoDUNE SP,35ms,1,1,,RITM1187486,,,,,,,,,0.3,1,0.3,no,no,no,no,,beam_cosmics,,,,,,,,
dunepro,mc,artroot,detector-simulated,"{'family': 'art', 'name': 'detsim', 'version': 'v09_17_01'}",out1,protodune-sp,8304,18801,83040,,,,,,,,,,,PDSPProd4a,,,protoDUNE SP,35ms,1,1,,RITM1187486,,,,,,,,,0.5,1,0.5,no,no,no,no,,beam_cosmics,,,,,,,,
dunepro,mc,artroot,full-reconstructed,"{'family': 'art', 'name': 'reco', 'version': 'v09_17_01'}",out1,protodune-sp,8258,15965,82580,,,,,,,,,,,PDSPProd4a,,,protoDUNE SP,35ms,1,1,,RITM1187486,,,,,,,,,0.5,1,0.5,no,no,no,no,,beam_cosmics,,,,,,,,
dunepro,mc,artroot,detector-simulated,"{'family': 'art', 'name': 'detsim', 'version': 'v09_17_01'}",out1,protodune-sp,8318,18839,83180,,,,,,,,,,,PDSPProd4a,,,protoDUNE SP,35ms,1,1,,RITM1187486,,,,,,,,,0.5,1,0.5,no,yes,no,yes,,beam_cosmics,,,,,,,,
dunepro,mc,artroot,full-reconstructed,"{'family': 'art', 'name': 'reco', 'version': 'v09_17_01'}",out1,protodune-sp,8276,15973,82760,,,,,,,,,,,PDSPProd4a,,,protoDUNE SP,35ms,1,1,,RITM1187486,,,,,,,,,0.5,1,0.5,no,yes,no,yes,,beam_cosmics,,,,,,,,
dunepro,mc,artroot,full-reconstructed,"{'family': 'art', 'name': 'reco', 'version': 'v09_17_01'}",out1,protodune-sp,31107,61532,311070,,,,,,,,,,,PDSPProd4a,,,protoDUNE SP,35ms,1,1,,RITM1188410,,,,,,,,,3.0,1,3.0,no,yes,no,yes,,beam_cosmics,,,,,,,,
dunepro,mc,artroot,full-reconstructed,"{'family': 'art', 'name': 'reco', 'version': 'v09_17_01'}",out1,protodune-sp,31074,61611,310740,,,,,,,,,,,PDSPProd4a,,,protoDUNE SP,35ms,1,1,,RITM1188410,,,,,,,,,3.0,1,3.0,no,no,no,no,,beam_cosmics,,,,,,,,
dunepro,mc,artroot,detector-simulated,"{'family': 'art', 'name': 'detsim', 'version': 'v09_17_01'}",out1,protodune-sp,31326,72143,313260,,,,,,,,,,,PDSPProd4a,,,protoDUNE SP,35ms,1,1,,RITM1188410,,,,,,,,,3.0,1,3.0,no,no,no,no,,beam_cosmics,,,,,,,,
dunepro,mc,artroot,detector-simulated,"{'family': 'art', 'name': 'detsim', 'version': 'v09_17_01'}",out1,protodune-sp,31365,72244,313650,,,,,,,,,,,PDSPProd4a,,,protoDUNE SP,35ms,1,1,,RITM1188410,,,,,,,,,3.0,1,3.0,no,yes,no,yes,,beam_cosmics,,,,,,,,
dunepro,mc,artroot,detector-simulated,"{'family': 'art', 'name': 'detsim', 'version': 'v09_17_01'}",out1,protodune-sp,124577,308609,1245770,,,,,,,,,,,PDSPProd4a,,,protoDUNE SP,35ms,1,1,,RITM1202507,,,,,,,,,6.0,1,6.0,no,no,no,no,,beam_cosmics,,,,,,,,
dunepro,mc,artroot,detector-simulated,"{'family': 'art', 'name': 'detsim', 'version': 'v09_17_01'}",out1,protodune-sp,124636,308661,1246360,,,,,,,,,,,PDSPProd4a,,,protoDUNE SP,35ms,1,1,,RITM1202507,,,,,,,,,6.0,1,6.0,no,yes,no,yes,,beam_cosmics,,,,,,,,
dunepro,mc,artroot,full-reconstructed,"{'family': 'art', 'name': 'reco', 'version': 'v09_17_01'}",out1,protodune-sp,123986,270575,1239860,,,,,,,,,,,PDSPProd4a,,,protoDUNE SP,35ms,1,1,,RITM1202507,,,,,,,,,6.0,1,6.0,no,yes,no,yes,,beam_cosmics,,,,,,,,
dunepro,mc,artroot,full-reconstructed,"{'family': 'art', 'name': 'reco', 'version': 'v09_17_01'}",out1,protodune-sp,123885,271295,1238850,,,,,,,,,,,PDSPProd4a,,,protoDUNE SP,35ms,1,1,,RITM1202507,,,,,,,,,6.0,1,6.0,no,no,no,no,,beam_cosmics,,,,,,,,
dunepro,detector,artroot,full-reconstructed,"{'family': 'art', 'name': 'reco', 'version': 'v09_30_00'}",physics,protodune-sp,3405,15539,424979,180,,,,,,,,,,PDSPProd4,,,,,,,,,,,,,,,,,,,,,,,,,,,,,,,,,
dunepro,detector,artroot,reco-recalibrated,"{'family': 'art', 'name': 'reco', 'version': 'v09_30_00'}",physics,protodune-sp,9535,45832,1232766,180,,,,,,,,,,PDSPProd4,,,,,,,,,,,,,,,,,1.0,,,,,,,1,,,,,,,,,
dunepro,detector,artroot,reco-recalibrated,"{'family': 'art', 'name': 'reco', 'version': 'v09_30_00'}",physics,protodune-sp,2803,14139,371330,180,,,,,,,,,,PDSPProd4,,,,,,,,,,,,,,,,,0.5,,,,,,,1,,,,,,,,,
dunepro,detector,artroot,reco-recalibrated,"{'family': 'art', 'name': 'reco', 'version': 'v09_30_00'}",physics,protodune-sp,10495,52361,1413742,180,,,,,,,,,,PDSPProd4,,,,,,,,,,,,,,,,,2.0,,,,,,,1,,,,,,,,,
dunepro,detector,artroot,reco-recalibrated,"{'family': 'art', 'name': 'reco', 'version': 'v09_30_00'}",physics,protodune-sp,3187,16245,428823,180,,,,,,,,,,PDSPProd4,,,,,,,,,,,,,,,,,0.3,,,,,,,1,,,,,,,,,
dunepro,detector,artroot,reco-recalibrated,"{'family': 'art', 'name': 'reco', 'version': 'v09_30_00'}",physics,protodune-sp,6911,35497,922499,180,,,,,,,,,,PDSPProd4,,,,,,,,,,,,,,,,,3.0,,,,,,,1,,,,,,,,,
dunepro,detector,artroot,reco-recalibrated,"{'family': 'art', 'name': 'reco', 'version': 'v09_30_00'}",physics,protodune-sp,9255,48378,1238611,180,,,,,,,,,,PDSPProd4,,,,,,,,,,,,,,,,,6.0,,,,,,,1,,,,,,,,,
dunepro,detector,artroot,reco-recalibrated,"{'family': 'art', 'name': 'reco', 'version': 'v09_30_00'}",physics,protodune-sp,760,3481,86533,180,,,,,,,,,,PDSPProd4,,,,,,,,,,,,,,,,,7.0,,,,,,,1,,,,,,,,,
dunepro,detector,artroot,reco-recalibrated,"{'family': 'art', 'name': 'reco', 'version': 'v09_30_00'}",physics,protodune-sp,5894,23315,632189,140,,,,,,,,,,PDSPProd4,,,,,,,,,,,,,,,,,1.0,,,,,,,1,,,,,,,,,
dunepro,detector,artroot,reco-recalibrated,"{'family': 'art', 'name': 'reco', 'version': 'v09_30_00'}",physics,protodune-sp,447,1708,46778,160,,,,,,,,,,PDSPProd4,,,,,,,,,,,,,,,,,1.0,,,,,,,1,,,,,,,,,
dunepro,detector,artroot,reco-recalibrated,"{'family': 'art', 'name': 'reco', 'version': 'v09_30_00'}",physics,protodune-sp,76,284,7526,130,,,,,,,,,,PDSPProd4,,,,,,,,,,,,,,,,,1.0,,,,,,,1,,,,,,,,,
dunepro,detector,artroot,reco-recalibrated,"{'family': 'art', 'name': 'reco', 'version': 'v09_30_00'}",physics,protodune-sp,154,580,15359,175,,,,,,,,,,PDSPProd4,,,,,,,,,,,,,,,,,1.0,,,,,,,1,,,,,,,,,
dunepro,detector,artroot,reco-recalibrated,"{'family': 'art', 'name': 'reco', 'version': 'v09_30_00'}",physics,protodune-sp,673,2954,71140,150,,,,,,,,,,PDSPProd4,,,,,,,,,,,,,,,,,7.0,,,,,,,1,,,,,,,,,
dunepro,detector,artroot,reco-recalibrated,"{'family': 'art', 'name': 'reco', 'version': 'v09_30_00'}",physics,protodune-sp,1129,5052,119572,130,,,,,,,,,,PDSPProd4,,,,,,,,,,,,,,,,,7.0,,,,,,,1,,,,,,,,,
dunepro,mc,artroot,full-reconstructed,"{'family': 'art', 'name': 'reco', 'version': 'v09_32_00'}",out1,fardet-sp,249,320,99600,,,,,,,,,,,MC_Fall2021,,,,,,,,RITM1251140,,,,,,,,,,,,,,,,,,,,,,,,,
dunepro,mc,binary,pandora_info,"{'family': 'art', 'name': 'reco', 'version': 'v09_32_00'}",out1,fardet-sp,249,16,99600,,,,,,,,,,,MC_Fall2021,,,,,,,,RITM1251140,,,,,,,,,,,,,,,,,,,,,,,,,
dunepro,detector,artroot,reco-recalibrated,"{'family': 'art', 'name': 'reco', 'version': 'v09_30_00'}",physics,protodune-sp,920,4016,97288,150,,,,,,,,,,PDSPProd4,,,,,,,,,,,,,,,,,,,,,,,,,,,,,,,,,
dunepro,detector,artroot,reco-recalibrated,"{'family': 'art', 'name': 'reco', 'version': 'v09_30_00'}",physics,protodune-sp,49115,244499,6430371,180,,,,,,,,,,PDSPProd4,,,,,,,,,,,,,,,,,,,,,,,,,,,,,,,,,
dunepro,mc,artroot,full-reconstructed,"{'family': 'art', 'name': 'reco', 'version': 'v09_35_00_01'}",out1,protodune-sp,19976,38799,199760,,,,,,,,,,,PDSPProd4a_SCEsyst,,,protoDUNE SP,35ms,1,1,,RITM1268625,,,,,,,,,1.0,1,1.0,no,yes,no,yes,,beam_cosmics,,,,,,,,
dunepro,mc,artroot,full-reconstructed,"{'family': 'art', 'name': 'reco', 'version': 'v09_37_00'}",out1,fardet-vd,103598,214619,1035980,,,,,,,,,,,FDVDProd1,,,,,,,,RITM1276306,,,,,,,,,,,,,,,,,genie_nu_numu2nutau_nue2numu,,,,,,,,
dunepro,mc,artroot,full-reconstructed,"{'family': 'art', 'name': 'reco', 'version': 'v09_37_00'}",out1,fardet-vd,96466,196913,964660,,,,,,,,,,,FDVDProd1,,,,,,,,RITM1276306,,,,,,,,,,,,,,,,,genie_nu,,,,,,,,
dunepro,mc,artroot,full-reconstructed,"{'family': 'art', 'name': 'reco', 'version': 'v09_37_00'}",out1,fardet-vd,98955,209046,989550,,,,,,,,,,,FDVDProd1,,,,,,,,RITM1276306,,,,,,,,,,,,,,,,,genie_nu_numu2nue_nue2nutau,,,,,,,,
dunepro,detector,artroot,reco-recalibrated,"{'family': 'art', 'name': 'reco', 'version': 'v09_30_00'}",physics,protodune-sp,49115,244499,6430371,180,,,,,,,,,,PDSPProd4,,,,,,,,,,,,,,,,,,,,,,,,,,,,,,,,,
dunepro,mc,artroot,full-reconstructed,"{'family': 'art', 'name': 'reco', 'version': 'v09_37_00'}",out1,fardet-vd,99052,204386,990520,,,,,,,,,,,FDVDProd1,,,,,,,,RITM1276306,,,,,,,,,,,,,,,,,genie_anu,,,,,,,,
dunepro,mc,artroot,full-reconstructed,"{'family': 'art', 'name': 'reco', 'version': 'v09_37_00'}",out1,fardet-vd,88755,187301,887550,,,,,,,,,,,FDVDProd1,,,,,,,,RITM1276306,,,,,,,,,,,,,,,,,genie_anu_numu2nutau_nue2numu,,,,,,,,
dunepro,mc,artroot,full-reconstructed,"{'family': 'art', 'name': 'reco', 'version': 'v09_37_00'}",out1,fardet-vd,97520,211986,975200,,,,,,,,,,,FDVDProd1,,,,,,,,RITM1276306,,,,,,,,,,,,,,,,,genie_anu_numu2nue_nue2nutau,,,,,,,,
dunepro,mc,artroot,full-reconstructed,"{'family': 'art', 'name': 'reco', 'version': 'v09_37_00'}",out1,fardet-vd,96466,196913,964660,,,,,,,,,,,FDVDProd1,,,,,,,,RITM1276306,,,,,,,,,,,,,,,,,genie_nu,,,,,,,,
dunepro,mc,artroot,full-reconstructed,"{'family': 'art', 'name': 'reco', 'version': 'v09_37_00'}",out1,fardet-vd,98955,209046,989550,,,,,,,,,,,FDVDProd1,,,,,,,,RITM1276306,,,,,,,,,,,,,,,,,genie_nu_numu2nue_nue2nutau,,,,,,,,
dunepro,mc,artroot,full-reconstructed,"{'family': 'art', 'name': 'reco', 'version': 'v09_37_00'}",out1,fardet-vd,103598,214619,1035980,,,,,,,,,,,FDVDProd1,,,,,,,,RITM1276306,,,,,,,,,,,,,,,,,genie_nu_numu2nutau_nue2numu,,,,,,,,
dunepro,detector,artroot,full-reconstructed,"{'family': 'art', 'name': 'reco', 'version': 'v09_09_01'}",cosmics,protodune-sp,80562,112120,5192760,180,,,,,,,,,,RITM1312299,,,,,,,,,,,,,,,,,,,,,,,,,,,,,,,,,
dunepro,mc,artroot,full-reconstructed,"{'family': 'art', 'name': 'reco', 'version': 'v09_37_00'}",out1,fardet-vd,643482,1340656,6434820,,,,,,,,,,,FDVDProd1,,,,,,,,RITM1276306,,,,,,,,,,,,,,,,,,,,,,,,,
dunepro,mc,artroot,full-reconstructed,"{'family': 'art', 'name': 'reco', 'version': 'v09_37_00'}",out1,fardet-vd,49985,97103,499850,,,,,,,,,,,FDVDProd1,,,,,,,,RITM1276306,,,,,,,,,,,,,,,,,marley,,,,,,,,
dunepro,detector,artroot,reco-recalibrated,"{'family': 'art', 'name': 'reco', 'version': 'v09_30_00'}",cosmics,protodune-sp,65894,98868,4492443,180,,,,,,,,,,RITM1312299,,,,,,,,,,,,,,,,,,,,,,,,,,,,,,,,,
dunepro,detector,artroot,full-reconstructed,"{'family': 'art', 'name': 'reco', 'version': 'v09_09_01'}",cosmics,protodune-sp,30,73,21499,0,,,,,,,,,,RITM1312299,,,,,,,,,,,,,,,,,,,,,,,,,,,,,,,,,
dunepro,detector,artroot,full-reconstructed,"{'family': 'art', 'name': 'reco', 'version': 'v09_09_01'}",cosmics,protodune-sp,850,1816,68106,120,,,,,,,,,,RITM1312299,,,,,,,,,,,,,,,,,,,,,,,,,,,,,,,,,
dunepro,detector,artroot,full-reconstructed,"{'family': 'art', 'name': 'reco', 'version': 'v09_09_01'}",cosmics,protodune-sp,200,123,12243,18,,,,,,,,,,RITM1312299,,,,,,,,,,,,,,,,,,,,,,,,,,,,,,,,,
dunepro,detector,artroot,full-reconstructed,"{'family': 'art', 'name': 'reco', 'version': 'v09_09_01'}",cosmics,protodune-sp,312,667,18468,90,,,,,,,,,,RITM1312299,,,,,,,,,,,,,,,,,,,,,,,,,,,,,,,,,
dunepro,mc,artroot,full-reconstructed,"{'family': 'art', 'name': 'reco', 'version': 'v09_42_04_00'}",out1,fardet-vd,103,14,102010,,,,,,,,,,,RITM1331650,,,,,,,,RITM1331650,,,,,,,,,,,,,,,,,,,,,,,,,
dunepro,detector,artroot,full-reconstructed,"{'family': 'art', 'name': 'reco', 'version': 'v09_09_01'}",cosmics,protodune-sp,218,475,13489,45,,,,,,,,,,RITM1312299,,,,,,,,,,,,,,,,,,,,,,,,,,,,,,,,,
dunepro,detector,artroot,full-reconstructed,"{'family': 'art', 'name': 'reco', 'version': 'v09_09_01'}",cosmics,protodune-sp,984,2185,65164,135,,,,,,,,,,RITM1312299,,,,,,,,,,,,,,,,,,,,,,,,,,,,,,,,,
dunepro,detector,artroot,full-reconstructed,"{'family': 'art', 'name': 'reco', 'version': 'v09_09_01'}",cosmics,protodune-sp,386,837,27902,160,,,,,,,,,,RITM1312299,,,,,,,,,,,,,,,,,,,,,,,,,,,,,,,,,
dunepro,detector,artroot,reco-recalibrated,"{'family': 'art', 'name': 'reco', 'version': 'v09_30_00'}",cosmics,protodune-sp,807,1865,64584,120,,,,,,,,,,RITM1312299,,,,,,,,,,,,,,,,,,,,,,,,,,,,,,,,,
dunepro,detector,artroot,full-reconstructed,"{'family': 'art', 'name': 'reco', 'version': 'v09_09_01'}",cosmics,protodune-sp,675,1554,46778,130,,,,,,,,,,RITM1312299,,,,,,,,,,,,,,,,,,,,,,,,,,,,,,,,,
dunepro,detector,artroot,reco-recalibrated,"{'family': 'art', 'name': 'reco', 'version': 'v09_30_00'}",cosmics,protodune-sp,30,73,21499,0,,,,,,,,,,RITM1312299,,,,,,,,,,,,,,,,,,,,,,,,,,,,,,,,,
dunepro,detector,artroot,reco-recalibrated,"{'family': 'art', 'name': 'reco', 'version': 'v09_30_00'}",cosmics,protodune-sp,424,1016,28046,135,,,,,,,,,,RITM1312299,,,,,,,,,,,,,,,,,,,,,,,,,,,,,,,,,
dunepro,detector,artroot,reco-recalibrated,"{'family': 'art', 'name': 'reco', 'version': 'v09_30_00'}",cosmics,protodune-sp,152,354,9388,45,,,,,,,,,,RITM1312299,,,,,,,,,,,,,,,,,,,,,,,,,,,,,,,,,
dunepro,detector,artroot,reco-recalibrated,"{'family': 'art', 'name': 'reco', 'version': 'v09_30_00'}",cosmics,protodune-sp,171,106,10431,18,,,,,,,,,,RITM1312299,,,,,,,,,,,,,,,,,,,,,,,,,,,,,,,,,
dunepro,detector,artroot,reco-recalibrated,"{'family': 'art', 'name': 'reco', 'version': 'v09_30_00'}",cosmics,protodune-sp,170,369,9594,90,,,,,,,,,,RITM1312299,,,,,,,,,,,,,,,,,,,,,,,,,,,,,,,,,
dunepro,detector,artroot,full-reconstructed,"{'family': 'art', 'name': 'reco', 'version': 'v09_44_00_02'}",test,vd-coldbox-top,842,1187,92490,,,,,,,,,,,VD_coldbox_TDE_2021,,,,,,,,,,,,,,,,,,,,,,,,,,,,,,,,,
dunepro,mc,artroot,full-reconstructed,"{'family': 'art', 'name': 'reco', 'version': 'v09_44_00_02'}",out1,physics,363,1278,3630,,,,,,,,,,,RITM1331140,,,protoDUNE SP,35ms,1,1,,RITM1331140,,,,,,,,,1.0,1,1.0,no,yes,no,yes,,beam_cosmics,,,,,,,,
dunepro,mc,artroot,full-reconstructed,"{'family': 'art', 'name': 'reco', 'version': 'v09_44_00_02'}",out1,physics,363,1272,3630,,,,,,,,,,,RITM1331140,,,protoDUNE SP,35ms,1,1,,RITM1331140,,,,,,,,,1.0,1,1.0,no,no,no,no,,beam_cosmics,,,,,,,,
dunepro,mc,artroot,reco-recalibrated,"{'family': 'art', 'name': 'reco', 'version': 'v09_44_00_02'}",out1,protodune-sp,2810,9904,28100,,,,,,,,,,,RITM1331140,,,protoDUNE SP,35ms,1,1,,RITM1331140,,,,,,,,,1.0,1,1.0,no,yes,no,yes,,beam_cosmics,,,,,,,,
dunepro,mc,artroot,reco-recalibrated,"{'family': 'art', 'name': 'reco', 'version': 'v09_44_00_02'}",out1,protodune-sp,2785,9773,27850,,,,,,,,,,,RITM1331140,,,protoDUNE SP,35ms,1,1,,RITM1331140,,,,,,,,,1.0,1,1.0,no,no,no,no,,beam_cosmics,,,,,,,,
dunepro,mc,artroot,full-reconstructed,"{'family': 'art', 'name': 'reco', 'version': 'v09_46_00_00'}",out1,fardet-sp,19817,28785,4954250,,,,,,,,,,,RITM1355274,,,,,,,,RITM1355274,,,,,,,,,,,,,,,,,NNBarAtm_hA_BR,,,,,,,,
dunepro,mc,artroot,full-reconstructed,"{'family': 'art', 'name': 'reco', 'version': 'v09_47_00_01'}",out1,fardet-sp,9950,11369,1990050,,,,,,,,,,,MC_Winter2022,,,,,,,,RITM1355274,,,,,,,,,,,,,,,,,NNBarAtm_hA_LFG,,,,,,,,
dunepro,mc,artroot,full-reconstructed,"{'family': 'art', 'name': 'reco', 'version': 'v09_47_00_01'}",out1,fardet-sp,9923,11818,1984650,,,,,,,,,,,MC_Winter2022,,,,,,,,RITM1355274,,,,,,,,,,,,,,,,,NNBarAtm_hA_ESF,,,,,,,,
dunepro,mc,artroot,full-reconstructed,"{'family': 'art', 'name': 'reco', 'version': 'v09_47_00_01'}",out1,fardet-sp,8050,9350,1610050,,,,,,,,,,,MC_Winter2022,,,,,,,,RITM1355274,,,,,,,,,,,,,,,,,NNBarAtm_hN_BR,,,,,,,,
dunepro,mc,artroot,full-reconstructed,"{'family': 'art', 'name': 'reco', 'version': 'v09_47_00_01'}",out1,fardet-sp,9949,11430,1989850,,,,,,,,,,,MC_Winter2022,,,,,,,,RITM1355274,,,,,,,,,,,,,,,,,NNBarAtm_hN_LFG,,,,,,,,
dunepro,mc,artroot,full-reconstructed,"{'family': 'art', 'name': 'reco', 'version': 'v09_47_00_01'}",out1,fardet-sp,9942,12238,1988450,,,,,,,,,,,MC_Winter2022,,,,,,,,RITM1355274,,,,,,,,,,,,,,,,,NNBarAtm_hN_ESF,,,,,,,,
dunepro,mc,artroot,full-reconstructed,"{'family': 'art', 'name': 'reco', 'version': 'v09_47_00_01'}",out1,fardet-sp,250,208,99610,,,,,,,,,,,MC_Winter2022,,,,,,,,RITM1355274,,,,,,,,,,,,,,,,,protondecay_hA_LocalFG,,,,,,,,
dunepro,mc,artroot,full-reconstructed,"{'family': 'art', 'name': 'reco', 'version': 'v09_47_00_01'}",out1,fardet-sp,250,209,100000,,,,,,,,,,,MC_Winter2022,,,,,,,,RITM1355274,,,,,,,,,,,,,,,,,protondecay_hA_BodekRitchie,,,,,,,,
dunepro,mc,artroot,full-reconstructed,"{'family': 'art', 'name': 'reco', 'version': 'v09_47_00_01'}",out1,fardet-sp,250,217,100000,,,,,,,,,,,MC_Winter2022,,,,,,,,RITM1355274,,,,,,,,,,,,,,,,,protondecay_hN_LocalFG,,,,,,,,
dunepro,mc,artroot,full-reconstructed,"{'family': 'art', 'name': 'reco', 'version': 'v09_47_00_01'}",out1,fardet-sp,250,217,100000,,,,,,,,,,,MC_Winter2022,,,,,,,,RITM1355274,,,,,,,,,,,,,,,,,protondecay_hN_BodekRitchie,,,,,,,,
dunepro,mc,artroot,full-reconstructed,"{'family': 'art', 'name': 'reco', 'version': 'v09_47_00_01'}",out1,fardet-sp,250,214,100000,,,,,,,,,,,MC_Winter2022,,,,,,,,RITM1355274,,,,,,,,,,,,,,,,,protondecay_hA_EffSF,,,,,,,,
dunepro,mc,artroot,full-reconstructed,"{'family': 'art', 'name': 'reco', 'version': 'v09_47_00_01'}",out1,fardet-sp,248,224,99200,,,,,,,,,,,MC_Winter2022,,,,,,,,RITM1355274,,,,,,,,,,,,,,,,,protondecay_hN_EffSF,,,,,,,,
dunepro,mc,artroot,full-reconstructed,"{'family': 'art', 'name': 'reco', 'version': 'v09_47_00_01'}",out1,fardet-sp,250,671,100000,,,,,,,,,,,MC_Winter2022,,,,,,,,RITM1355274,,,,,,,,,,,,,,,,,legacynnbar_hA_LocalFG,,,,,,,,
dunepro,mc,artroot,full-reconstructed,"{'family': 'art', 'name': 'reco', 'version': 'v09_47_00_01'}",out1,fardet-sp,246,705,98400,,,,,,,,,,,MC_Winter2022,,,,,,,,RITM1355274,,,,,,,,,,,,,,,,,legacynnbar_hA_EffSF,,,,,,,,
dunepro,mc,artroot,full-reconstructed,"{'family': 'art', 'name': 'reco', 'version': 'v09_47_00_01'}",out1,fardet-sp,250,712,100000,,,,,,,,,,,MC_Winter2022,,,,,,,,RITM1355274,,,,,,,,,,,,,,,,,legacynnbar_hN_BodekRitchie,,,,,,,,
dunepro,mc,artroot,full-reconstructed,"{'family': 'art', 'name': 'reco', 'version': 'v09_47_00_01'}",out1,fardet-sp,249,703,99600,,,,,,,,,,,MC_Winter2022,,,,,,,,RITM1355274,,,,,,,,,,,,,,,,,legacynnbar_hN_LocalFG,,,,,,,,
dunepro,mc,artroot,full-reconstructed,"{'family': 'art', 'name': 'reco', 'version': 'v09_47_00_01'}",out1,fardet-sp,249,807,99600,,,,,,,,,,,MC_Winter2022,,,,,,,,RITM1355274,,,,,,,,,,,,,,,,,legacynnbar_hN_EffSF,,,,,,,,
dunepro,mc,artroot,full-reconstructed,"{'family': 'art', 'name': 'reco', 'version': 'v09_47_00_01'}",out1,fardet-sp,250,676,100000,,,,,,,,,,,MC_Winter2022,,,,,,,,RITM1355274,,,,,,,,,,,,,,,,,legacynnbar_hA_BodekRitchie,,,,,,,,
dunepro,mc,artroot,full-reconstructed,"{'family': 'art', 'name': 'reco', 'version': 'v09_47_00_01'}",out1,fardet-hd,35609,36152,7064425,,,,,,,,,,,MC_Winter2022,,,,,,,,RITM1355274,,,,,,,,,,,,,,,,,scalar_Ar_m05_b10_G19_00a_20220302T020738,,,,,,,,
dunepro,detector,artroot,full-reconstructed,"{'family': 'art', 'name': 'reco', 'version': 'v09_49_00d00'}",test,vd-coldbox-top,17921,25259,1967719,,,,,,,,,,,VD_coldbox_TDE_2021,,,,,,,,,,,,,,,,,,,,,,,,,,,,,,,,,
dunepro,detector,artroot,full-reconstructed,"{'family': 'art', 'name': 'reco', 'version': 'v09_09_01'}",cosmics,protodune-sp,72580,64866,2296178,,,,,,,,,,,RITM1382619,,,,,,,,,,,,,,,,,,,,,,,,,,,,,,,,,
dunepro,detector,artroot,full-reconstructed,"{'family': 'art', 'name': 'reco', 'version': 'v09_49_00d00'}",study,vd-coldbox-top,5460,7212,598960,,,,,,,,,,,VD_coldbox_TDE_2021,,,,,,,,,,,,,,,,,,,,,,,,,,,,,,,,,
dunepro,detector,hdf5,raw,,test,dc4-vd-coldbox-bottom,49327,211358,3056585,,,,,,,,,,,dc4,,,,,,,,,,,,,,,,,,,,,,,,,,,,,,,,,
dunepro,mc,artroot,detector-simulated,"{'family': 'art', 'name': 'detsim', 'version': 'v09_52_00d00'}",out1,physics,6400,61485,1280000,,,,,,,,,,,FDHDSNProd1,,,,,,,,RITM1464893,,,,,,,,,,,,,,,,,,es,,,,,,,
dunepro,mc,binary,pandora_info,"{'family': 'art', 'name': 'reco', 'version': 'v09_53_00d02'}",out1,fardet-vd,332685,10884,22722840,,,,,,,,,,,FDVDProd2,,,,,,,,RITM1457487,,,,,,,,,,,,,,,,,,NoRawDigits,,,,,,,
dunepro,mc,artroot,full-reconstructed,"{'family': 'art', 'name': 'reco', 'version': 'v09_53_00d02'}",out1,fardet-vd,332578,485523,22722850,,,,,,,,,,,FDVDProd2,,,,,,,,RITM1457487,,,,,,,,,,,,,,,,,,NoRawDigits,,,,,,,
dunepro,mc,binary,pandora_info,"{'family': 'art', 'name': 'reco', 'version': 'v09_53_00d02'}",out1,fardet-vd,1,0,1,,,,,,,,,,,FDVDProd2_test,,,,,,,,RITM1457487,,,,,,,,,,,,,,,,,,WithRawDigits,,,,,,,
dunepro,mc,artroot,full-reconstructed,"{'family': 'art', 'name': 'reco', 'version': 'v09_53_00d02'}",out1,fardet-vd,1,0,1,,,,,,,,,,,FDVDProd2_test,,,,,,,,RITM1457487,,,,,,,,,,,,,,,,,,WithRawDigits,,,,,,,
dunepro,mc,binary,pandora_info,"{'family': 'art', 'name': 'reco', 'version': 'v09_53_00d02'}",out1,fardet-vd,100,2,5000,,,,,,,,,,,PerlmutterTest_RITM1479848,,,,,,,,RITM1479848,,,,,,,,,,,,,,,,,,NoRawDigits,,,,,,,
dunepro,mc,artroot,full-reconstructed,"{'family': 'art', 'name': 'reco', 'version': 'v09_53_00d02'}",out1,fardet-vd,200,93,10000,,,,,,,,,,,PerlmutterTest_RITM1479848,,,,,,,,RITM1479848,,,,,,,,,,,,,,,,,,NoRawDigits,,,,,,,
dunepro,mc,artroot,detector-simulated,"{'family': 'art', 'name': 'detsim', 'version': 'v09_52_00d00'}",out1,physics,5900,56272,1180000,,,,,,,,,,,FDHDSNProd1v2,,,,,,,,RITM1464893,,,,,,,,,,,,,,,,,,es,,,,,,,
dunepro,mc,root,root-tuple-virtual,"{'family': 'protoduneana', 'name': 'pdspana', 'version': 'v09_52_00d00'}",physics,protodune-sp,32737,113,1537293,,,,,,,,,,,PDSPProd4a,,,protoDUNE SP,35ms,1,1,,,,,,,,,,,6.0,1,6.0,no,yes,no,yes,,beam_cosmics_datadriven,,pduneana_Prod4a_MC_sce_6GeV.fcl,/cvmfs/dune.opensciencegrid.org/products/dune/protoduneana/v09_52_00d00/job,v09_52_00d00,5404.20357,4202,dunepdhd,8188.032621
dunepro,mc,root,root-tuple-virtual,"{'family': 'protoduneana', 'name': 'pdspana', 'version': 'v09_52_00d00'}",physics,protodune-sp,35766,142,1762443,,,,,,,,,,,PDSPProd4a,,,protoDUNE SP,35ms,1,1,,,,,,,,,,,6.0,1,6.0,no,no,no,no,,beam_cosmics_datadriven,,pduneana_Prod4a_MC_sce_6GeV.fcl,/cvmfs/dune.opensciencegrid.org/products/dune/protoduneana/v09_52_00d00/job,v09_52_00d00,3033.892011,3787,dunepdhd,7641.22312
dunepro,detector,artroot,full-reconstructed,"{'family': 'art', 'name': 'reco', 'version': 'v09_58_02d00'}",physics,protodune-sp,81,290,8110,130,,,,,,,,,,AlternateSCE_RITM1506913,,,,,,,,,,,,,,,,,1.0,,,,,,,,,,,,,,,,
dunepro,detector,artroot,full-reconstructed,"{'family': 'art', 'name': 'reco', 'version': 'v09_58_01d00'}",cosmics,protodune-dp,2375,771,71215,,,,,,,,,,,NP02_keepup_March2022,,,,,,,,,,,,,,,,,,,,,,,,,,,,,,,,,
dunepro,detector,artroot,full-reconstructed,"{'family': 'art', 'name': 'reco', 'version': 'v09_58_02d00'}",physics,protodune-sp,1346,4999,143512,160,,,,,,,,,,AlternateSCE_RITM1506913,,,,,,,,,,,,,,,,,1.0,,,,,,,,,,,,,,,,
dunepro,detector,artroot,full-reconstructed,"{'family': 'art', 'name': 'reco', 'version': 'v09_58_02d00'}",physics,protodune-sp,6139,22935,658685,140,,,,,,,,,,AlternateSCE_RITM1506913,,,,,,,,,,,,,,,,,1.0,,,,,,,,,,,,,,,,
dunepro,detector,artroot,full-reconstructed,"{'family': 'art', 'name': 'reco', 'version': 'v09_58_02d00'}",physics,protodune-sp,11336,51285,1462677,180,,,,,,,,,,AlternateSCE_RITM1506913,,,,,,,,,,,,,,,,,1.0,,,,,,,,,,,,,,,,
dunepro,detector,artroot,full-reconstructed,"{'family': 'art', 'name': 'reco', 'version': 'v09_58_02d00'}",physics,protodune-sp,201,728,20396,175,,,,,,,,,,AlternateSCE_RITM1506913,,,,,,,,,,,,,,,,,1.0,,,,,,,,,,,,,,,,
dunepro,detector,artroot,full-reconstructed,"{'family': 'art', 'name': 'reco', 'version': 'v09_63_00d00'}",study,vd-coldbox-top,510,668,30520,,,,,,,,,,,VD_coldbox_CRP2_CRP3_2022,,,,,,,,,,,,,,,,,,,,,,,,,,,,,,,,,
dunepro,mc,artroot,full-reconstructed,"{'family': 'art', 'name': 'reco', 'version': 'v09_36_00'}",out1,protodune-sp,1621,1011,404085,,,,,,,,,,,RITM1557373,,,,,,,,RITM1557373,,,,,,,,,,,,,,,,,,,,,,,,,
dunepro,detector,artroot,full-reconstructed,"{'family': 'art', 'name': 'reco', 'version': 'v09_63_01d00'}",cosmics,protodune-dp,28247,9910,846449,,,,,,,,,,,NP02_keepup_March2022,,,,,,,,,,,,,,,,,,,,,,,,,,,,,,,,,
dunepro,mc,artroot,full-reconstructed,"{'family': 'art', 'name': 'reco', 'version': 'v09_64_01d00'}",out1,physics,18753,27293,4688250,,,,,,,,,,,MC_Winter2023_RITM1592444_reReco,,,,,,,,RITM1592444,,,,,,,,,,,,,,,,,NNBarAtm_hA_BR,,,,,,,,
dunepro,mc,artroot,full-reconstructed,"{'family': 'art', 'name': 'reco', 'version': 'v09_64_01d00'}",out1,physics,249,209,99210,,,,,,,,,,,MC_Winter2023_RITM1592444_reReco,,,,,,,,RITM1592444,,,,,,,,,,,,,,,,,protondecay_hA_LocalFG,,,,,,,,
dunepro,mc,artroot,full-reconstructed,"{'family': 'art', 'name': 'reco', 'version': 'v09_64_01d00'}",out1,physics,9669,11078,1933850,,,,,,,,,,,MC_Winter2023_RITM1592444_reReco,,,,,,,,RITM1592444,,,,,,,,,,,,,,,,,NNBarAtm_hA_LFG,,,,,,,,
dunepro,mc,artroot,full-reconstructed,"{'family': 'art', 'name': 'reco', 'version': 'v09_64_01d00'}",out1,physics,248,209,99200,,,,,,,,,,,MC_Winter2023_RITM1592444_reReco,,,,,,,,RITM1592444,,,,,,,,,,,,,,,,,protondecay_hA_BodekRitchie,,,,,,,,
dunepro,mc,artroot,full-reconstructed,"{'family': 'art', 'name': 'reco', 'version': 'v09_64_01d00'}",out1,physics,249,218,99600,,,,,,,,,,,MC_Winter2023_RITM1592444_reReco,,,,,,,,RITM1592444,,,,,,,,,,,,,,,,,protondecay_hN_LocalFG,,,,,,,,
dunepro,mc,artroot,full-reconstructed,"{'family': 'art', 'name': 'reco', 'version': 'v09_64_01d00'}",out1,physics,247,226,98800,,,,,,,,,,,MC_Winter2023_RITM1592444_reReco,,,,,,,,RITM1592444,,,,,,,,,,,,,,,,,protondecay_hN_EffSF,,,,,,,,
dunepro,mc,artroot,full-reconstructed,"{'family': 'art', 'name': 'reco', 'version': 'v09_64_01d00'}",out1,physics,249,219,99600,,,,,,,,,,,MC_Winter2023_RITM1592444_reReco,,,,,,,,RITM1592444,,,,,,,,,,,,,,,,,protondecay_hN_BodekRitchie,,,,,,,,
dunepro,mc,artroot,full-reconstructed,"{'family': 'art', 'name': 'reco', 'version': 'v09_64_01d00'}",out1,physics,124886,130729,26452310,,,,,,,,,,,MC_Winter2023_RITM1592444_reReco,,,,,,,,RITM1592444,,,,,,,,,,,,,,,,,scalar_Ar_m05_b1p1_G19_01a_20220302T043327,,,,,,,,
dunepro,mc,artroot,full-reconstructed,"{'family': 'art', 'name': 'reco', 'version': 'v09_64_01d00'}",out1,physics,248,671,99200,,,,,,,,,,,MC_Winter2023_RITM1592444_reReco,,,,,,,,RITM1592444,,,,,,,,,,,,,,,,,legacynnbar_hA_LocalFG,,,,,,,,
dunepro,mc,artroot,full-reconstructed,"{'family': 'art', 'name': 'reco', 'version': 'v09_64_01d00'}",out1,physics,9581,11804,1916250,,,,,,,,,,,MC_Winter2023_RITM1592444_reReco,,,,,,,,RITM1592444,,,,,,,,,,,,,,,,,NNBarAtm_hN_ESF,,,,,,,,
dunepro,mc,artroot,full-reconstructed,"{'family': 'art', 'name': 'reco', 'version': 'v09_64_01d00'}",out1,physics,248,706,99200,,,,,,,,,,,MC_Winter2023_RITM1592444_reReco,,,,,,,,RITM1592444,,,,,,,,,,,,,,,,,legacynnbar_hN_LocalFG,,,,,,,,
dunepro,mc,artroot,full-reconstructed,"{'family': 'art', 'name': 'reco', 'version': 'v09_64_01d00'}",out1,physics,243,702,97200,,,,,,,,,,,MC_Winter2023_RITM1592444_reReco,,,,,,,,RITM1592444,,,,,,,,,,,,,,,,,legacynnbar_hA_EffSF,,,,,,,,
dunepro,mc,artroot,full-reconstructed,"{'family': 'art', 'name': 'reco', 'version': 'v09_64_01d00'}",out1,physics,249,813,99600,,,,,,,,,,,MC_Winter2023_RITM1592444_reReco,,,,,,,,RITM1592444,,,,,,,,,,,,,,,,,legacynnbar_hN_EffSF,,,,,,,,
dunepro,mc,artroot,full-reconstructed,"{'family': 'art', 'name': 'reco', 'version': 'v09_64_01d00'}",out1,physics,7827,9110,1565450,,,,,,,,,,,MC_Winter2023_RITM1592444_reReco,,,,,,,,RITM1592444,,,,,,,,,,,,,,,,,NNBarAtm_hN_BR,,,,,,,,
dunepro,mc,artroot,full-reconstructed,"{'family': 'art', 'name': 'reco', 'version': 'v09_64_01d00'}",out1,physics,249,715,99600,,,,,,,,,,,MC_Winter2023_RITM1592444_reReco,,,,,,,,RITM1592444,,,,,,,,,,,,,,,,,legacynnbar_hN_BodekRitchie,,,,,,,,
dunepro,mc,artroot,full-reconstructed,"{'family': 'art', 'name': 'reco', 'version': 'v09_64_01d00'}",out1,physics,9644,11102,1928850,,,,,,,,,,,MC_Winter2023_RITM1592444_reReco,,,,,,,,RITM1592444,,,,,,,,,,,,,,,,,NNBarAtm_hN_LFG,,,,,,,,
dunepro,mc,artroot,full-reconstructed,"{'family': 'art', 'name': 'reco', 'version': 'v09_64_01d00'}",out1,physics,247,213,98800,,,,,,,,,,,MC_Winter2023_RITM1592444_reReco,,,,,,,,RITM1592444,,,,,,,,,,,,,,,,,protondecay_hA_EffSF,,,,,,,,
dunepro,mc,artroot,full-reconstructed,"{'family': 'art', 'name': 'reco', 'version': 'v09_64_01d00'}",out1,physics,9633,11507,1926650,,,,,,,,,,,MC_Winter2023_RITM1592444_reReco,,,,,,,,RITM1592444,,,,,,,,,,,,,,,,,NNBarAtm_hA_ESF,,,,,,,,
dunepro,mc,artroot,full-reconstructed,"{'family': 'art', 'name': 'reco', 'version': 'v09_64_01d00'}",out1,physics,247,673,98800,,,,,,,,,,,MC_Winter2023_RITM1592444_reReco,,,,,,,,RITM1592444,,,,,,,,,,,,,,,,,legacynnbar_hA_BodekRitchie,,,,,,,,
dunepro,mc,artroot,full-reconstructed,"{'family': 'art', 'name': 'reco', 'version': 'v09_36_00'}",out1,protodune-sp,3,0,15,,,,,,,,,,,RITM1632937_test,,,,,,,,RITM1632937,,,,,,,,,,,,,,,,,,,,,,,,,
dunepro,mc,artroot,full-reconstructed,"{'family': 'art', 'name': 'reco', 'version': 'v09_36_00'}",out1,protodune-sp,5376,3361,1344000,,,,,,,,,,,RITM1632937,,,,,,,,RITM1632937,,,,,,,,,,,,,,,,,,,,,,,,,
dunepro,detector,artroot,full-reconstructed,"{'family': 'art', 'name': 'reco', 'version': 'v09_67_00d00'}",study,vd-coldbox-top,508,666,30400,,,,,,,,,,,VD_coldbox_CRP2_CRP3_2022,,,,,,,,,,,,,,,,,,,,,,,,,,,,,,,,,
dunepro,mc,artroot,detector-simulated,"{'family': 'art', 'name': 'detsim', 'version': 'v09_17_01'}",out1,protodune-sp,20420,46383,204200,,,,,,,,,,,PDSPProd4a,,,protoDUNE SP,35ms,1,1,,RITM1648093,,,,,,,,,0.5,1,0.5,no,yes,no,yes,,beam_cosmics,,,,,,,,
dunepro,mc,artroot,full-reconstructed,"{'family': 'art', 'name': 'reco', 'version': 'v09_17_01'}",out1,protodune-sp,20408,39544,204080,,,,,,,,,,,PDSPProd4a,,,protoDUNE SP,35ms,1,1,,RITM1648093,,,,,,,,,0.5,1,0.5,no,yes,no,yes,,beam_cosmics,,,,,,,,
dunepro,mc,artroot,full-reconstructed,"{'family': 'art', 'name': 'reco', 'version': 'v09_17_01'}",out1,protodune-sp,20406,39610,204060,,,,,,,,,,,PDSPProd4a,,,protoDUNE SP,35ms,1,1,,RITM1648093,,,,,,,,,0.5,1,0.5,no,no,no,no,,beam_cosmics,,,,,,,,
dunepro,mc,artroot,detector-simulated,"{'family': 'art', 'name': 'detsim', 'version': 'v09_17_01'}",out1,protodune-sp,20418,46363,204180,,,,,,,,,,,PDSPProd4a,,,protoDUNE SP,35ms,1,1,,RITM1648093,,,,,,,,,0.5,1,0.5,no,no,no,no,,beam_cosmics,,,,,,,,
dunepro,detector,artroot,full-reconstructed,"{'family': 'art', 'name': 'reco', 'version': 'v09_69_01d00'}",study,vd-coldbox-top,511,668,30580,,,,,,,,,,,VD_coldbox_CRP2_CRP3_2022,,,,,,,,,,,,,,,,,,,,,,,,,,,,,,,,,
dunepro,detector,artroot,full-reconstructed,"{'family': 'art', 'name': 'reco', 'version': 'v09_72_00d00'}",study,vd-coldbox-top,512,668,30640,,,,,,,,,,,VD_coldbox_CRP2_CRP3_2022,,,,,,,,,,,,,,,,,,,,,,,,,,,,,,,,,
dunepro,mc,artroot,full-reconstructed,"{'family': 'art', 'name': 'reco', 'version': 'v09_09_01'}",out1,protodune-sp,8246,15889,82460,,,,,,,,,,,PDSPProd4,,,protoDUNE SP,35ms,1,1,,RITM1036677,,,,,,,,,0.5,1,0.5,no,no,no,no,,beam_cosmics_datadriven,,,,,,,,
dunepro,mc,artroot,detector-simulated,"{'family': 'art', 'name': 'detsim', 'version': 'v09_09_01'}",out1,protodune-sp,8438,19061,84380,,,,,,,,,,,PDSPProd4,,,protoDUNE SP,35ms,1,1,,RITM1036677,,,,,,,,,0.5,1,0.5,no,no,no,no,,beam_cosmics_datadriven,,,,,,,,
dunepro,mc,artroot,detector-simulated,"{'family': 'art', 'name': 'detsim', 'version': 'v09_09_01'}",out1,protodune-sp,8450,19101,84500,,,,,,,,,,,PDSPProd4,,,protoDUNE SP,35ms,1,1,,RITM1036677,,,,,,,,,0.5,1,0.5,no,yes,no,yes,,beam_cosmics_datadriven,,,,,,,,
dunepro,mc,artroot,full-reconstructed,"{'family': 'art', 'name': 'reco', 'version': 'v09_09_01'}",out1,protodune-sp,8240,15859,82400,,,,,,,,,,,PDSPProd4,,,protoDUNE SP,35ms,1,1,,RITM1036677,,,,,,,,,0.5,1,0.5,no,yes,no,yes,,beam_cosmics_datadriven,,,,,,,,
dunepro,mc,artroot,detector-simulated,"{'family': 'art', 'name': 'detsim', 'version': 'v09_17_01'}",out1,protodune-sp,15963,36052,159630,,,,,,,,,,,PDSPProd4a,,,protoDUNE SP,35ms,1,1,,RITM1648093,,,,,,,,,0.5,1,0.5,no,no,no,no,,beam_cosmics_datadriven,,,,,,,,
dunepro,mc,artroot,detector-simulated,"{'family': 'art', 'name': 'detsim', 'version': 'v09_17_01'}",out1,protodune-sp,15961,36059,159610,,,,,,,,,,,PDSPProd4a,,,protoDUNE SP,35ms,1,1,,RITM1648093,,,,,,,,,0.5,1,0.5,no,yes,no,yes,,beam_cosmics_datadriven,,,,,,,,
dunepro,mc,artroot,full-reconstructed,"{'family': 'art', 'name': 'reco', 'version': 'v09_17_01'}",out1,protodune-sp,15959,30699,159590,,,,,,,,,,,PDSPProd4a,,,protoDUNE SP,35ms,1,1,,RITM1648093,,,,,,,,,0.5,1,0.5,no,yes,no,yes,,beam_cosmics_datadriven,,,,,,,,
dunepro,mc,artroot,full-reconstructed,"{'family': 'art', 'name': 'reco', 'version': 'v09_17_01'}",out1,protodune-sp,15953,30740,159530,,,,,,,,,,,PDSPProd4a,,,protoDUNE SP,35ms,1,1,,RITM1648093,,,,,,,,,0.5,1,0.5,no,no,no,no,,beam_cosmics_datadriven,,,,,,,,
